month;label;baselineRevenue2025;baselineWonDeals2025;runRateRevenue;seasonalRevenue;projectedRevenue;projectedWonDeals
2026-07;Jul;69640;10;174929.34399999998;295165.71806939325;141376.6168607173;15.519490339381576
2026-08;Ago;105200;14;174929.34399999998;445885.0307423919;213567.20410320876;21.727286475134207
2026-09;Set;82313.98;11;174929.34399999998;348883.75953259156;167106.1460761164;17.071439373319734
2026-10;Out;112150;10;174929.34399999998;475342.26423725527;227676.44429824015;15.519490339381576
2026-11;Nov;99460;13;174929.34399999998;421556.3227912386;201914.39277666487;20.17533744119605
2026-12;Dez;138289.29;11;174929.34399999998;586132.3604847296;280741.98690796416;17.071439373319734
