id;title;status;value;currency;addTime;updateTime;stageChangeTime;wonTime;closeTime;createdMonth;wonMonth;lostMonth;closedMonth;pipeline;pipelineId;stage;stageId;stageOrder;organizationId;organization;accountKey;accountKeyType;cnpj;channel;origin;labels;seller;lostReason;products;productSource;businessTypes;primaryBusinessType;hasExplicitBusinessType;isMultiBusinessType;productValueSource;person;service;isPostSaleByAccount;previousAccountWonDeals;isPostSaleByCnpj;previousCnpjWonDeals;salesCycleDays
791;Negócio Ed. Rio Araguaia;won;5000;BRL;2025-01-06 20:38:57;2025-12-16 21:29:44;2025-01-16 13:54:24;2025-01-24 18:49:02;2025-01-24 18:49:02;2025-01;2025-01;;2025-01;Consultoria - Condo;11;Fechamento;88;5;777;Ed. Rio Araguaia;org:rio araguaia;organization_name;;Administradora Cond.;Criado manualmente;"GABRIEL,LIE - Laudo de Instalações Elétricas";GABRIEL;Sem motivo informado;;label_or_inference;LIE - Laudo de Instalações Elétricas;LIE - Laudo de Instalações Elétricas;true;false;equal_label_split;Síndica Judite;Laudos e consultoria condominial;false;0;false;0;18
793;Negócio Edf Solar das Acácios;won;5700;BRL;2025-01-08 13:57:29;2025-12-01 22:04:23;2025-01-15 22:44:02;2025-01-21 12:53:43;2025-01-21 12:53:43;2025-01;2025-01;;2025-01;Consultoria - Condo;11;Fechamento;88;5;779;Edf Solar das Acácios;cnpj:04749508000148;cnpj;04749508000148;Parceiro Comercial;Criado manualmente;"IGOR,LDC - Laudo de disponibilidade de carga";IGOR;Sem motivo informado;;label_or_inference;LDC - Laudo de disponibilidade de carga;LDC - Laudo de disponibilidade de carga;true;false;equal_label_split;Telma;Laudos e consultoria condominial;false;0;false;0;13
804;Negócio Maison Monet;won;7700;BRL;2025-01-21 13:13:18;2025-12-01 22:04:32;2025-01-27 14:34:33;2025-01-27 17:04:09;2025-01-27 17:04:09;2025-01;2025-01;;2025-01;Consultoria - Condo;11;Fechamento;88;5;796;Maison Monet;cnpj:05323682000197;cnpj;05323682000197;Parceiro Comercial;Criado manualmente;"IGOR,LDC - Laudo de disponibilidade de carga";IGOR;Sem motivo informado;;label_or_inference;LDC - Laudo de disponibilidade de carga;LDC - Laudo de disponibilidade de carga;true;false;equal_label_split;Otley Farias;Laudos e consultoria condominial;false;0;false;0;6
662;Negócio Cond. João Heráclio;won;16200;BRL;2024-09-12 15:32:47;2025-12-01 21:16:30;2025-01-18 01:06:46;2025-02-10 21:18:38;2025-02-10 21:18:38;2024-09;2025-02;;2025-02;Consultoria - Condo;11;Fechamento;88;5;649;Cond. João Heráclio;cnpj:11419309000137;cnpj;11419309000137;Evento;Criado manualmente;"GABRIEL,LIE - Laudo de Instalações Elétricas,LDC - Laudo de disponibilidade de carga,ICV - Inspeção de carregador veicular";GABRIEL;Sem motivo informado;;label_or_inference;"LIE - Laudo de Instalações Elétricas,LDC - Laudo de disponibilidade de carga,ICV - Inspeção de carregador veicular";LDC - Laudo de disponibilidade de carga;true;true;equal_label_split;Anderson Sindico;Laudos e consultoria condominial;false;0;false;0;151
745;Le Parc;won;13800;BRL;2024-11-25 02:22:28;2025-12-01 21:16:38;2025-01-16 18:59:05;2025-02-13 13:47:33;2025-02-13 13:47:33;2024-11;2025-02;;2025-02;Consultoria - Condo;11;Elaboração de Proposta;86;3;784;Edificio Le Parc;org:le parc;organization_name;;Redrive;Criado manualmente;"IGOR,PRÉ-VENDA,LSPDA";IGOR;Sem motivo informado;;label_or_inference;LSPDA;LSPDA;true;false;equal_label_split;Elizangela Silva;Laudos e consultoria condominial;false;0;false;0;80
1005;Negócio Enseada do Mar;won;7500;BRL;2025-05-20 23:59:26;2025-12-16 22:04:19;;2025-02-19 03:00:00;2025-02-19 03:00:00;2025-05;2025-02;;2025-02;Consultoria - Condo;11;Fechamento;88;5;13;Enseada do Mar;cnpj:14006221000181;cnpj;14006221000181;Indicação de Cliente XPE;Criado manualmente;"JONILDO,PIE - Projeto infra.  Eletrocalha e Emergência,PROJETOS";JONILDO;Sem motivo informado;;label_or_inference;"PIE - Projeto infra.  Eletrocalha e Emergência,PROJETOS";PIE - Projeto infra.  Eletrocalha e Emergência;true;true;equal_label_split;pericles sindico;Laudos e consultoria condominial;true;1;true;1;-91
1006;Negócio Rio Ave;won;10500;BRL;2025-05-21 00:02:39;2025-12-16 21:48:19;;2025-03-04 03:00:00;2025-03-04 03:00:00;2025-05;2025-03;;2025-03;Consultoria - Condo;11;Fechamento;88;5;1002;Rio Ave;org:rio ave;organization_name;;Parceiro Comercial;Criado manualmente;"JONILDO,PROJETOS";JONILDO;Sem motivo informado;;label_or_inference;PROJETOS;PROJETOS;true;false;equal_label_split;Fernando Siqueira;Laudos e consultoria condominial;false;0;false;0;-78
681;Negócio Cond. Montendre;won;17600;BRL;2024-09-23 22:40:26;2026-03-10 23:37:03;2025-04-29 13:30:31;2025-04-29 14:18:27;2025-04-29 14:18:27;2024-09;2025-04;;2025-04;Consultoria - Condo;11;Fechamento;88;5;667;Cond. Montendre;org:montendre;organization_name;;Administradora Cond.;Criado manualmente;"GABRIEL,LIE - Laudo de Instalações Elétricas,PROJETOS,LSPDA";GABRIEL;Sem motivo informado;;label_or_inference;"LIE - Laudo de Instalações Elétricas,PROJETOS,LSPDA";LIE - Laudo de Instalações Elétricas;true;true;equal_label_split;Andressa Barbosa;Laudos e consultoria condominial;false;0;false;0;218
770;Negócio Edf. Maria João;won;9500;BRL;2024-12-04 21:16:29;2025-06-27 13:55:13;2025-03-31 13:19:19;2025-04-17 16:03:28;2025-04-17 16:03:28;2024-12;2025-04;;2025-04;Consultoria - Condo;11;Fechamento;88;5;756;Pe no condominio;org:pe no;organization_name;;Redrive;Criado manualmente;"GABRIEL,PRÉ-VENDA,PIE - Projeto infra.  Eletrocalha e Emergência";GABRIEL;Sem motivo informado;;label_or_inference;PIE - Projeto infra.  Eletrocalha e Emergência;PIE - Projeto infra.  Eletrocalha e Emergência;true;false;equal_label_split;Travassos;Laudos e consultoria condominial;false;0;false;0;134
799;Negócio Edf Praça do Mar;won;6000;BRL;2025-01-14 13:03:21;2025-12-01 21:02:01;2025-04-08 22:16:13;2025-04-10 17:24:13;2025-04-10 17:24:13;2025-01;2025-04;;2025-04;Consultoria - Condo;11;Fechamento;88;5;786;Edf Praça do Mar;cnpj:15055733000109;cnpj;15055733000109;Indicação de Cliente XPE;Criado manualmente;"IGOR,LDC - Laudo de disponibilidade de carga";IGOR;Sem motivo informado;;label_or_inference;LDC - Laudo de disponibilidade de carga;LDC - Laudo de disponibilidade de carga;true;false;equal_label_split;Alejandro Reys;Laudos e consultoria condominial;false;0;false;0;86
955;Edf. Maria Teresa Coelho;won;17900;BRL;2025-04-03 14:04:03;2025-12-16 22:06:54;2025-04-24 14:35:23;2025-04-28 17:26:53;2025-04-28 17:26:53;2025-04;2025-04;;2025-04;Consultoria - Condo;11;Fechamento;88;5;;;org:maria teresa coelho;organization_name;;Sind. Profissional Base;Criado manualmente;"GABRIEL,LIE - Laudo de Instalações Elétricas,LDC - Laudo de disponibilidade de carga,ICV - Inspeção de carregador veicular";GABRIEL;Sem motivo informado;;label_or_inference;"LIE - Laudo de Instalações Elétricas,LDC - Laudo de disponibilidade de carga,ICV - Inspeção de carregador veicular";LDC - Laudo de disponibilidade de carga;true;true;equal_label_split;Nathally carneiro Sind. Profissional;Laudos e consultoria condominial;false;0;false;0;25
973;Negócio Enseada do Mar;won;21000;BRL;2025-04-24 17:21:22;2025-12-01 21:34:55;2025-12-01 21:34:55;2025-04-24 17:21:54;2025-04-24 17:21:54;2025-04;2025-04;;2025-04;Obras;14;Negociações Iniciadas;105;5;13;Enseada do Mar;cnpj:14006221000181;cnpj;14006221000181;Pós-Venda base XPE;Criado manualmente;"JONILDO,OBRA";JONILDO;Sem motivo informado;;label_or_inference;OBRA;OBRA;true;false;equal_label_split;pericles sindico;Obras eletricas;true;2;true;2;0
974;Negócio Edf Brunello Di Montalcino;won;3800;BRL;2025-04-24 17:23:42;2025-12-01 21:02:32;2025-04-24 17:23:47;2025-04-24 17:23:50;2025-04-24 17:23:50;2025-04;2025-04;;2025-04;Consultoria - Condo;11;Fechamento;88;5;689;Edf Brunello Di Montalcino;cnpj:04500306000168;cnpj;04500306000168;Pós-Venda base XPE;Criado manualmente;"IGOR,PIE - Projeto infra.  Eletrocalha e Emergência";IGOR;Sem motivo informado;;label_or_inference;PIE - Projeto infra.  Eletrocalha e Emergência;PIE - Projeto infra.  Eletrocalha e Emergência;true;false;equal_label_split;Severino Ursolino;Laudos e consultoria condominial;true;1;true;1;0
505;Negócio Cond. Solar das Palmeiras;won;13500;BRL;2023-06-27 19:34:04;2025-12-01 21:21:14;2025-05-15 15:21:31;2025-05-16 14:23:54;2025-05-16 14:23:54;2023-06;2025-05;;2025-05;Consultoria - Condo;11;Fechamento;88;5;495;Cond. Solar das Palmeiras;cnpj:01605246000150;cnpj;01605246000150;Lista de Contato;Criado manualmente;"GABRIEL,LIE - Laudo de Instalações Elétricas,LDC - Laudo de disponibilidade de carga";GABRIEL;Sem motivo informado;;label_or_inference;"LIE - Laudo de Instalações Elétricas,LDC - Laudo de disponibilidade de carga";LDC - Laudo de disponibilidade de carga;true;true;equal_label_split;Nathally carneiro Sind. Profissional;Laudos e consultoria condominial;false;0;false;0;689
819;Negócio Edf Guimarães Rosa;won;4000;BRL;2025-02-06 17:27:18;2025-12-01 21:03:26;2025-05-30 13:07:49;2025-05-30 13:08:12;2025-05-30 13:08:12;2025-02;2025-05;;2025-05;Consultoria - Condo;11;Fechamento;88;5;811;Edf Guimarães Rosa;cnpj:09053515000124;cnpj;09053515000124;Indicação Avulsa;Criado manualmente;"GABRIEL,LDC - Laudo de disponibilidade de carga";GABRIEL;Sem motivo informado;;label_or_inference;LDC - Laudo de disponibilidade de carga;LDC - Laudo de disponibilidade de carga;true;false;equal_label_split;Jaime;Laudos e consultoria condominial;false;0;false;0;113
822;Negócio Edf Quebra Mar;won;7000;BRL;2025-02-13 12:45:07;2025-12-16 21:31:05;2025-05-30 18:18:24;2025-05-30 18:50:19;2025-05-30 18:50:19;2025-02;2025-05;;2025-05;Consultoria - Condo;11;Fechamento;88;5;815;Edf Quebra Mar;cnpj:05919783000125;cnpj;05919783000125;Administradora Cond.;Criado manualmente;"GABRIEL,LDC - Laudo de disponibilidade de carga";GABRIEL;Sem motivo informado;;label_or_inference;LDC - Laudo de disponibilidade de carga;LDC - Laudo de disponibilidade de carga;true;false;equal_label_split;Sindica Celia;Laudos e consultoria condominial;false;0;false;0;106
944;Negócio Edf Duas Naçoes;won;14000;BRL;2025-03-17 18:57:29;2025-12-01 22:04:48;2025-04-16 18:00:12;2025-05-06 17:02:20;2025-05-06 17:02:20;2025-03;2025-05;;2025-05;Consultoria - Condo;11;Fechamento;88;5;935;Edf Duas Naçoes;org:duas nacoes;organization_name;;Administradora Cond.;Criado manualmente;"IGOR,PROJETOS";IGOR;Sem motivo informado;;label_or_inference;PROJETOS;PROJETOS;true;false;equal_label_split;Celso;Laudos e consultoria condominial;false;0;false;0;50
952;Negócio Edf Praia de Grauna;won;9500;BRL;2025-04-01 17:17:27;2025-06-27 13:49:42;2025-06-18 13:55:03;2025-05-20 18:01:10;2025-05-20 18:01:10;2025-04;2025-05;;2025-05;Consultoria - Condo;11;Fechamento;88;5;946;Edf Praia de Grauna;cnpj:07246092000133;cnpj;07246092000133;Indicação Avulsa;Criado manualmente;"IGOR,PRÉ-VENDA,LDC - Laudo de disponibilidade de carga";IGOR;Sem motivo informado;;label_or_inference;LDC - Laudo de disponibilidade de carga;LDC - Laudo de disponibilidade de carga;true;false;equal_label_split;Fernanda;Laudos e consultoria condominial;false;0;false;0;49
971;Negócio Edf Morada Rosarinho;won;5000;BRL;2025-04-23 14:15:17;2025-12-01 21:03:14;2025-05-05 18:41:39;2025-05-20 18:01:51;2025-05-20 18:01:51;2025-04;2025-05;;2025-05;Consultoria - Condo;11;Fechamento;88;5;965;Edf Morada Rosarinho;cnpj:11236467000151;cnpj;11236467000151;Indicação de Cliente XPE;Criado manualmente;"IGOR,LDC - Laudo de disponibilidade de carga";IGOR;Sem motivo informado;;label_or_inference;LDC - Laudo de disponibilidade de carga;LDC - Laudo de disponibilidade de carga;true;false;equal_label_split;Bia Ishigami;Laudos e consultoria condominial;false;0;false;0;27
975;Edf Luar das Ubaias negócio;won;11160;BRL;2025-04-25 13:28:23;2025-12-01 21:21:00;2025-05-06 13:44:15;2025-05-08 16:53:00;2025-05-08 16:53:00;2025-04;2025-05;;2025-05;Consultoria - Condo;11;Fechamento;88;5;967;Edf Luar das Ubaias;cnpj:11467141000135;cnpj;11467141000135;Indicação Avulsa;Criado manualmente;"GABRIEL,LDC - Laudo de disponibilidade de carga,PIE - Projeto infra.  Eletrocalha e Emergência";GABRIEL;Sem motivo informado;;label_or_inference;"LDC - Laudo de disponibilidade de carga,PIE - Projeto infra.  Eletrocalha e Emergência";PIE - Projeto infra.  Eletrocalha e Emergência;true;true;equal_label_split;Luis Síndico;Laudos e consultoria condominial;false;0;false;0;13
423;Negócio Cond Saint Eduardo;won;7000;BRL;2022-12-07 18:49:25;2025-12-01 21:21:34;2025-06-13 14:12:33;2025-06-18 22:07:25;2025-06-18 22:07:25;2022-12;2025-06;;2025-06;Consultoria - Condo;11;Fechamento;88;5;416;Cond Saint Eduardo;cnpj:20635205000150;cnpj;20635205000150;Pós-Venda base XPE;Criado manualmente;"GABRIEL,LDC - Laudo de disponibilidade de carga";GABRIEL;Sem motivo informado;;label_or_inference;LDC - Laudo de disponibilidade de carga;LDC - Laudo de disponibilidade de carga;true;false;equal_label_split;Ademar e Karen;Laudos e consultoria condominial;false;0;false;0;924
826;Negócio Edf Margarida Renda Colonial;won;6000;BRL;2025-02-17 20:44:23;2025-12-16 21:29:06;2025-06-26 15:26:04;2025-06-29 22:46:36;2025-06-29 22:46:36;2025-02;2025-06;;2025-06;Consultoria - Condo;11;Fechamento;88;5;820;Edf Margarida Renda Colonial;cnpj:08781554000185;cnpj;08781554000185;Administradora Cond.;Criado manualmente;"IGOR,PRÉ-VENDA,LDC - Laudo de disponibilidade de carga";IGOR;Sem motivo informado;;label_or_inference;LDC - Laudo de disponibilidade de carga;LDC - Laudo de disponibilidade de carga;true;false;equal_label_split;Damião;Laudos e consultoria condominial;false;0;false;0;132
963;Negócio Edf Praia de Japaratinga;won;5500;BRL;2025-04-22 13:41:25;2025-06-27 13:47:32;2025-06-09 15:37:23;2025-06-09 17:57:43;2025-06-09 17:57:43;2025-04;2025-06;;2025-06;Consultoria - Condo;11;Fechamento;88;5;957;Edf Praia de Japaratinga;org:praia japaratinga;organization_name;;Outro Tipo;Criado manualmente;"GABRIEL,PRÉ-VENDA,LIE - Laudo de Instalações Elétricas";GABRIEL;Sem motivo informado;;label_or_inference;LIE - Laudo de Instalações Elétricas;LIE - Laudo de Instalações Elétricas;true;false;equal_label_split;Daniela Sequinni;Laudos e consultoria condominial;false;0;false;0;48
1007;Negócio Postos Pichilau - caruaru;won;17500;BRL;2025-05-21 00:04:09;2025-12-01 21:04:31;;2025-06-10 14:35:29;2025-06-10 14:35:29;2025-05;2025-06;;2025-06;Consultoria - Condo;11;Fechamento;88;5;1003;Postos Pichilau - caruaru;org:postos pichilau caruaru;organization_name;;Pós-Venda base XPE;Criado manualmente;"JONILDO,PROJETOS";JONILDO;Sem motivo informado;;label_or_inference;PROJETOS;PROJETOS;true;false;equal_label_split;Fernando Siqueira;Laudos e consultoria condominial;false;0;false;0;21
1008;Negócio Pichilaue Abasteça;won;5500;BRL;2025-05-21 00:05:50;2025-12-01 21:04:53;;2025-06-10 14:35:14;2025-06-10 14:35:14;2025-05;2025-06;;2025-06;Consultoria - Condo;11;Fechamento;88;5;1004;Pichilau Vila Esperança;org:pichilau vila esperanca;organization_name;;Pós-Venda base XPE;Criado manualmente;"JONILDO,PROJETOS";JONILDO;Sem motivo informado;;label_or_inference;PROJETOS;PROJETOS;true;false;equal_label_split;Fernando Siqueira;Laudos e consultoria condominial;true;1;false;0;21
1009;Negócio Pichilau Abasteça;won;3500;BRL;2025-05-21 00:06:19;2025-12-01 21:04:57;;2025-06-10 14:35:07;2025-06-10 14:35:07;2025-05;2025-06;;2025-06;Consultoria - Condo;11;Fechamento;88;5;1004;Pichilau Vila Esperança;org:pichilau vila esperanca;organization_name;;Pós-Venda base XPE;Criado manualmente;"JONILDO,PROJETOS";JONILDO;Sem motivo informado;;label_or_inference;PROJETOS;PROJETOS;true;false;equal_label_split;Fernando Siqueira;Laudos e consultoria condominial;false;0;false;0;21
1021;Negócio Ed Portal do Capibaribe;won;5000;BRL;2025-06-03 20:36:06;2025-12-01 21:03:37;2025-06-03 20:36:20;2025-06-05 18:01:10;2025-06-05 18:01:10;2025-06;2025-06;;2025-06;Consultoria - Condo;11;Fechamento;88;5;639;Ed Portal do Capibaribe;cnpj:05251740000114;cnpj;05251740000114;Pós-Venda base XPE;Criado manualmente;"IGOR,PROJETOS";IGOR;Sem motivo informado;;label_or_inference;PROJETOS;PROJETOS;true;false;equal_label_split;Fernando Figueira;Laudos e consultoria condominial;true;1;true;1;2
1022;Negócio Edf Ilha do Retiro;won;4000;BRL;2025-06-05 18:02:39;2025-12-01 21:03:44;2025-06-09 14:37:14;2025-06-09 14:37:28;2025-06-09 14:37:28;2025-06;2025-06;;2025-06;Consultoria - Condo;11;Fechamento;88;5;1016;Edf Ilha do Retiro;cnpj:03786545000163;cnpj;03786545000163;Indicação de Cliente XPE;Criado manualmente;"IGOR,LDC - Laudo de disponibilidade de carga";IGOR;Sem motivo informado;;label_or_inference;LDC - Laudo de disponibilidade de carga;LDC - Laudo de disponibilidade de carga;true;false;equal_label_split;Silmar;Laudos e consultoria condominial;false;0;false;0;4
1023;Negócio Edf Hockenheim;won;5000;BRL;2025-06-11 13:57:36;2025-12-01 22:06:45;2025-06-26 15:25:21;2025-06-30 21:41:46;2025-06-30 21:41:46;2025-06;2025-06;;2025-06;Consultoria - Condo;11;Fechamento;88;5;1017;Edf Hockeneim;cnpj:01813592000123;cnpj;01813592000123;Administradora Cond.;Criado manualmente;"IGOR,LDC - Laudo de disponibilidade de carga";IGOR;Sem motivo informado;;label_or_inference;LDC - Laudo de disponibilidade de carga;LDC - Laudo de disponibilidade de carga;true;false;equal_label_split;Anselmo;Laudos e consultoria condominial;false;0;false;0;19
1025;Edf Maria Carolina negócio;won;5000;BRL;2025-06-12 15:01:57;2025-12-16 21:50:23;2025-06-25 12:53:43;2025-06-30 15:20:57;2025-06-30 15:20:57;2025-06;2025-06;;2025-06;Consultoria - Condo;11;Fechamento;88;5;1019;Edf Maria Carolina;org:maria carolina;organization_name;;Parceiro Comercial;Criado manualmente;"GABRIEL,LIE - Laudo de Instalações Elétricas";GABRIEL;Sem motivo informado;;label_or_inference;LIE - Laudo de Instalações Elétricas;LIE - Laudo de Instalações Elétricas;true;false;equal_label_split;Edjair Sindico;Laudos e consultoria condominial;false;0;false;0;18
1031;Negócio Edf Boa Viagem;won;8000;BRL;2025-06-17 17:43:35;2025-12-16 21:48:35;2025-06-26 13:11:12;2025-06-30 15:20:33;2025-06-30 15:20:33;2025-06;2025-06;;2025-06;Consultoria - Condo;11;Fechamento;88;5;1025;Edf Boa Viagem;cnpj:03786551000110;cnpj;03786551000110;Parceiro Comercial;Criado manualmente;"GABRIEL,LDC - Laudo de disponibilidade de carga";GABRIEL;Sem motivo informado;;label_or_inference;LDC - Laudo de disponibilidade de carga;LDC - Laudo de disponibilidade de carga;true;false;equal_label_split;Marcello Edf. Boa Viagem;Laudos e consultoria condominial;false;0;false;0;13
1035;Negócio Edf Villa das Pedras;won;5000;BRL;2025-06-19 13:45:16;2025-12-01 22:20:28;2025-06-19 13:56:57;2025-06-19 13:58:53;2025-06-19 13:58:53;2025-06;2025-06;;2025-06;Consultoria - Condo;11;Fechamento;88;5;1029;Edf Villa das Pedras;cnpj:24134330000138;cnpj;24134330000138;Administradora Cond.;Criado manualmente;"IGOR,LDC - Laudo de disponibilidade de carga";IGOR;Sem motivo informado;;label_or_inference;LDC - Laudo de disponibilidade de carga;LDC - Laudo de disponibilidade de carga;true;false;equal_label_split;José Larocerie;Laudos e consultoria condominial;false;0;false;0;0
667;Negócio Edf Tignanello;won;5500;BRL;2024-09-20 21:27:01;2025-12-01 22:06:56;2025-07-03 19:03:30;2025-07-09 03:30:41;2025-07-09 03:30:41;2024-09;2025-07;;2025-07;Consultoria - Condo;11;Fechamento;88;5;653;Edf Tignanelo;cnpj:26262769000171;cnpj;26262769000171;Administradora Cond.;Criado manualmente;"IGOR,LDC - Laudo de disponibilidade de carga";IGOR;Sem motivo informado;;label_or_inference;LDC - Laudo de disponibilidade de carga;LDC - Laudo de disponibilidade de carga;true;false;equal_label_split;Anselmo;Laudos e consultoria condominial;false;0;false;0;291
669;Negócio Edf Carla Dias;won;5000;BRL;2024-09-20 21:31:41;2025-12-01 22:07:14;2025-07-11 13:22:21;2025-07-11 13:24:12;2025-07-11 13:24:12;2024-09;2025-07;;2025-07;Consultoria - Condo;11;Fechamento;88;5;655;Edf Carla Dias;cnpj:02072321000127;cnpj;02072321000127;Administradora Cond.;Criado manualmente;"IGOR,LDC - Laudo de disponibilidade de carga";IGOR;Sem motivo informado;;label_or_inference;LDC - Laudo de disponibilidade de carga;LDC - Laudo de disponibilidade de carga;true;false;equal_label_split;Anselmo Pereira;Laudos e consultoria condominial;false;0;false;0;294
937;Negócio Edf Delmar;won;4500;BRL;2025-02-27 00:37:11;2025-12-01 22:07:04;2025-07-03 18:49:48;2025-07-09 03:30:31;2025-07-09 03:30:31;2025-02;2025-07;;2025-07;Consultoria - Condo;11;Fechamento;88;5;922;Edf Delmar;org:delmar;organization_name;;Administradora Cond.;Criado manualmente;"IGOR,PRÉ-VENDA,PROJETOS";IGOR;Sem motivo informado;;label_or_inference;PROJETOS;PROJETOS;true;false;equal_label_split;Celso;Laudos e consultoria condominial;false;0;false;0;132
959;Negócio Edf Praia de Imbituba;won;16000;BRL;2025-04-03 17:26:12;2025-12-16 22:07:17;2025-07-24 12:06:39;2025-07-30 21:16:44;2025-07-30 21:16:44;2025-04;2025-07;;2025-07;Consultoria - Condo;11;Fechamento;88;5;952;Edf Praia de Imbituba;cnpj:08588516000100;cnpj;08588516000100;Sind. Profissional Base;Criado manualmente;"GABRIEL,LIE - Laudo de Instalações Elétricas,LDC - Laudo de disponibilidade de carga,ICV - Inspeção de carregador veicular";GABRIEL;Sem motivo informado;;label_or_inference;"LIE - Laudo de Instalações Elétricas,LDC - Laudo de disponibilidade de carga,ICV - Inspeção de carregador veicular";LDC - Laudo de disponibilidade de carga;true;true;equal_label_split;Nathally carneiro Sind. Profissional;Laudos e consultoria condominial;false;0;false;0;118
962;Negócio Edf Splendid Rosarinho;won;6700;BRL;2025-04-22 12:18:11;2025-07-30 19:27:07;2025-07-24 01:31:27;2025-07-30 19:27:07;2025-07-30 19:27:07;2025-04;2025-07;;2025-07;Consultoria - Condo;11;Fechamento;88;5;956;Edf Splendid Rosarinho;cnpj:22367846000105;cnpj;22367846000105;Indicação Avulsa;Criado manualmente;"IGOR,PRÉ-VENDA,LDC - Laudo de disponibilidade de carga";IGOR;Sem motivo informado;;label_or_inference;LDC - Laudo de disponibilidade de carga;LDC - Laudo de disponibilidade de carga;true;false;equal_label_split;Raissa;Laudos e consultoria condominial;false;0;false;0;99
1073;Negócio Edf Morada Ilha Verde;won;8000;BRL;2025-07-14 17:19:47;2025-07-31 17:55:56;2025-07-31 17:00:44;2025-07-31 17:55:56;2025-07-31 17:55:56;2025-07;2025-07;;2025-07;Consultoria - Condo;11;Fechamento;88;5;1065;Edf Morada Ilha Verde;cnpj:24565913000113;cnpj;24565913000113;Outro Tipo;Criado manualmente;"IGOR,PRÉ-VENDA,LDC - Laudo de disponibilidade de carga";IGOR;Sem motivo informado;;label_or_inference;LDC - Laudo de disponibilidade de carga;LDC - Laudo de disponibilidade de carga;true;false;equal_label_split;Romildo;Laudos e consultoria condominial;false;0;false;0;17
1093;Negócio Edf Cristiano;won;4000;BRL;2025-07-22 16:07:46;2025-12-01 21:05:56;2025-07-30 21:04:59;2025-07-31 16:59:43;2025-07-31 16:59:43;2025-07;2025-07;;2025-07;Consultoria - Condo;11;Fechamento;88;5;1090;Edf Cristiano;cnpj:05295147000170;cnpj;05295147000170;Indicação de Cliente XPE;Criado manualmente;"IGOR,LDC - Laudo de disponibilidade de carga";IGOR;Sem motivo informado;;label_or_inference;LDC - Laudo de disponibilidade de carga;LDC - Laudo de disponibilidade de carga;true;false;equal_label_split;Renata Felix;Laudos e consultoria condominial;false;0;false;0;9
1101;Negócio Edf MIllennium;won;7000;BRL;2025-07-25 03:20:19;2025-12-16 21:33:11;2025-07-28 13:49:42;2025-07-30 19:27:12;2025-07-30 19:27:12;2025-07;2025-07;;2025-07;Consultoria - Condo;11;Fechamento;88;5;1099;Edf MIllennium;cnpj:04107259000197;cnpj;04107259000197;Administradora Cond.;Criado manualmente;"IGOR,LDC - Laudo de disponibilidade de carga";IGOR;Sem motivo informado;;label_or_inference;LDC - Laudo de disponibilidade de carga;LDC - Laudo de disponibilidade de carga;true;false;equal_label_split;Alice Acta;Laudos e consultoria condominial;false;0;false;0;6
1111;Negócio Edf Praia de Japaratinga;won;10540;BRL;2025-07-31 17:54:51;2025-12-01 21:35:07;2025-12-01 21:35:07;2025-07-31 17:54:56;2025-07-31 17:54:56;2025-07;2025-07;;2025-07;Obras;14;Negociações Iniciadas;105;5;957;Edf Praia de Japaratinga;org:praia japaratinga;organization_name;;Pós-Venda base XPE;Criado manualmente;"GABRIEL,OBRA";GABRIEL;Sem motivo informado;;label_or_inference;OBRA;OBRA;true;false;equal_label_split;Daniela Sequinni;Obras eletricas;true;1;false;0;0
1112;Negócio Edf Villa das Pedras;won;2400;BRL;2025-07-31 17:57:31;2025-12-01 21:06:12;;2025-07-31 17:57:39;2025-07-31 17:57:39;2025-07;2025-07;;2025-07;Consultoria - Condo;11;Fechamento;88;5;1029;Edf Villa das Pedras;cnpj:24134330000138;cnpj;24134330000138;Pós-Venda base XPE;Criado manualmente;"IGOR,LIE - Laudo de Instalações Elétricas";IGOR;Sem motivo informado;;label_or_inference;LIE - Laudo de Instalações Elétricas;LIE - Laudo de Instalações Elétricas;true;false;equal_label_split;José Larocerie;Laudos e consultoria condominial;true;1;true;1;0
682;Negócio Cond. The Plaza;won;10000;BRL;2024-09-23 22:42:05;2025-12-16 21:33:23;2025-08-01 13:05:25;2025-08-11 21:39:06;2025-08-11 21:39:06;2024-09;2025-08;;2025-08;Consultoria - Condo;11;Fechamento;88;5;668;Cond. The Plaza;cnpj:03521109000162;cnpj;03521109000162;Administradora Cond.;Criado manualmente;"GABRIEL,LIE - Laudo de Instalações Elétricas,LDC - Laudo de disponibilidade de carga";GABRIEL;Sem motivo informado;;label_or_inference;"LIE - Laudo de Instalações Elétricas,LDC - Laudo de disponibilidade de carga";LDC - Laudo de disponibilidade de carga;true;true;equal_label_split;Sr. Fernando;Laudos e consultoria condominial;false;0;false;0;322
1030;Negócio Edf Sirius e Antares;won;8300;BRL;2025-06-17 17:35:33;2025-12-01 22:10:25;2025-08-06 18:11:00;2025-08-14 20:23:14;2025-08-14 20:23:14;2025-06;2025-08;;2025-08;Consultoria - Condo;11;Fechamento;88;5;1024;condomínio Residencial Estrela;cnpj:08888803000136;cnpj;08888803000136;Parceiro Comercial;Criado manualmente;"IGOR,LDC - Laudo de disponibilidade de carga";IGOR;Sem motivo informado;;label_or_inference;LDC - Laudo de disponibilidade de carga;LDC - Laudo de disponibilidade de carga;true;false;equal_label_split;Denilson Azevedo;Laudos e consultoria condominial;false;0;false;0;58
1036;Edf Principe de Toscana;won;4000;BRL;2025-06-25 15:38:35;2025-12-01 22:19:54;2025-08-20 19:53:40;2025-08-22 19:16:59;2025-08-22 19:16:59;2025-06;2025-08;;2025-08;Consultoria - Condo;11;Fechamento;88;5;1032;Edificio Principe de Toscana;cnpj:04022882000147;cnpj;04022882000147;Outro Tipo;Criado manualmente;"IGOR,PRÉ-VENDA,LDC - Laudo de disponibilidade de carga";IGOR;Sem motivo informado;;label_or_inference;LDC - Laudo de disponibilidade de carga;LDC - Laudo de disponibilidade de carga;true;false;equal_label_split;George Leitão;Laudos e consultoria condominial;false;0;false;0;58
1043;Negócio Edf Morada Rosarinho;won;11500;BRL;2025-07-01 21:36:15;2025-12-01 21:06:27;2025-07-02 19:53:03;2025-08-05 16:55:47;2025-08-05 16:55:47;2025-07;2025-08;;2025-08;Consultoria - Condo;11;Fechamento;88;5;965;Edf Morada Rosarinho;cnpj:11236467000151;cnpj;11236467000151;Pós-Venda base XPE;Criado manualmente;"IGOR,LIE - Laudo de Instalações Elétricas,PROJETOS";IGOR;Sem motivo informado;;label_or_inference;"LIE - Laudo de Instalações Elétricas,PROJETOS";LIE - Laudo de Instalações Elétricas;true;true;equal_label_split;Bia Ishigami;Laudos e consultoria condominial;true;1;true;1;35
1052;Negócio Edf Turmalina;won;8000;BRL;2025-07-03 17:41:36;2025-12-01 22:12:35;2025-08-25 13:34:58;2025-08-29 04:14:45;2025-08-29 04:14:45;2025-07;2025-08;;2025-08;Consultoria - Condo;11;Fechamento;88;5;1046;Edf Turmalina;cnpj:04113342000179;cnpj;04113342000179;Administradora Cond.;Criado manualmente;"IGOR,LDC - Laudo de disponibilidade de carga";IGOR;Sem motivo informado;;label_or_inference;LDC - Laudo de disponibilidade de carga;LDC - Laudo de disponibilidade de carga;true;false;equal_label_split;Ivan Garcia;Laudos e consultoria condominial;false;0;false;0;56
1071;Edf Terra Brasilis;won;17000;BRL;2025-07-14 16:19:43;2026-01-15 16:52:52;2025-07-31 17:02:40;2025-08-04 13:58:09;2025-08-04 13:58:09;2025-07;2025-08;;2025-08;Consultoria - Condo;11;Fechamento;88;5;1078;Edf Terra Brasilis;cnpj:04239390000108;cnpj;04239390000108;Tráfego Pago;Criado manualmente;"GABRIEL,PRÉ-VENDA,LDC - Laudo de disponibilidade de carga";GABRIEL;Sem motivo informado;;label_or_inference;LDC - Laudo de disponibilidade de carga;LDC - Laudo de disponibilidade de carga;true;false;equal_label_split;Fernanda síndica;Laudos e consultoria condominial;false;0;false;0;21
1081;Edf Praia dos Jardins;won;6000;BRL;2025-07-17 13:59:34;2025-12-01 22:41:14;2025-08-25 22:51:21;2025-08-28 15:45:13;2025-08-28 15:45:13;2025-07;2025-08;;2025-08;Consultoria - Condo;11;Fechamento;88;5;1079;Edf Praia dos Jardins;cnpj:13330513000102;cnpj;13330513000102;Tráfego Pago;Criado manualmente;"IGOR,LDC - Laudo de disponibilidade de carga";IGOR;Sem motivo informado;;label_or_inference;LDC - Laudo de disponibilidade de carga;LDC - Laudo de disponibilidade de carga;true;false;equal_label_split;Ricardo;Laudos e consultoria condominial;false;0;false;0;42
1083;Negócio Edf Sainte Daniela;won;7200;BRL;2025-07-18 17:41:59;2025-12-01 22:40:41;2025-08-04 13:03:28;2025-08-06 18:10:31;2025-08-06 18:10:31;2025-07;2025-08;;2025-08;Consultoria - Condo;11;Fechamento;88;5;1080;Edf Sainte Daniela;cnpj:21023174000140;cnpj;21023174000140;Tráfego Pago;Criado manualmente;"IGOR,PRÉ-VENDA,LDC - Laudo de disponibilidade de carga";IGOR;Sem motivo informado;;label_or_inference;LDC - Laudo de disponibilidade de carga;LDC - Laudo de disponibilidade de carga;true;false;equal_label_split;Arthur Felipe Cunha;Laudos e consultoria condominial;false;0;false;0;19
1085;Edf Luis Dias lins;won;9500;BRL;2025-07-21 14:54:13;2025-12-16 22:08:43;2025-08-07 20:49:39;2025-08-13 13:59:20;2025-08-13 13:59:20;2025-07;2025-08;;2025-08;Consultoria - Condo;11;Fechamento;88;5;1082;Edf Luis dias lins;cnpj:13537008000133;cnpj;13537008000133;Indicação de Cliente XPE;Criado manualmente;"GABRIEL,LDC - Laudo de disponibilidade de carga";GABRIEL;Sem motivo informado;;label_or_inference;LDC - Laudo de disponibilidade de carga;LDC - Laudo de disponibilidade de carga;true;false;equal_label_split;Fernanda síndica;Laudos e consultoria condominial;false;0;false;0;23
1089;Negócio Edf Píer Mauricio de Nassau;won;5000;BRL;2025-07-21 17:40:04;2025-12-01 22:09:03;2025-08-01 21:12:33;2025-08-19 17:28:34;2025-08-19 17:28:34;2025-07;2025-08;;2025-08;Consultoria - Condo;11;Fechamento;88;5;1086;Edf Píer Mauricio de Nassau;cnpj:07400407000155;cnpj;07400407000155;Administradora Cond.;Criado manualmente;"IGOR,LDC - Laudo de disponibilidade de carga";IGOR;Sem motivo informado;;label_or_inference;LDC - Laudo de disponibilidade de carga;LDC - Laudo de disponibilidade de carga;true;false;equal_label_split;Silvania;Laudos e consultoria condominial;false;0;false;0;29
1092;Edf FICUS negócio;won;10500;BRL;2025-07-22 14:45:10;2025-12-16 22:08:57;2025-08-11 15:28:18;2025-08-14 20:17:15;2025-08-14 20:17:15;2025-07;2025-08;;2025-08;Consultoria - Condo;11;Fechamento;88;5;1089;Edf FICUS;cnpj:41089830000114;cnpj;41089830000114;Indicação de Cliente XPE;Criado manualmente;"GABRIEL,LIE - Laudo de Instalações Elétricas,LDC - Laudo de disponibilidade de carga";GABRIEL;Sem motivo informado;;label_or_inference;"LIE - Laudo de Instalações Elétricas,LDC - Laudo de disponibilidade de carga";LDC - Laudo de disponibilidade de carga;true;true;equal_label_split;Joaquim Costa;Laudos e consultoria condominial;false;0;false;0;23
1124;Negócio Edf Maison Monet;won;5300;BRL;2025-08-12 21:07:56;2025-12-01 21:06:37;2025-08-12 21:08:07;2025-08-13 13:47:02;2025-08-13 13:47:02;2025-08;2025-08;;2025-08;Consultoria - Condo;11;Fechamento;88;5;1120;Edf Maison Monet;org:maison monet;organization_name;;Pós-Venda base XPE;Criado manualmente;"IGOR,PROJETOS";IGOR;Sem motivo informado;;label_or_inference;PROJETOS;PROJETOS;true;false;equal_label_split;Otley Farias;Laudos e consultoria condominial;false;0;false;0;1
1139;Negócio condomínio Residencial Estrela Sirius e Antares;won;1300;BRL;2025-08-21 17:16:47;2025-12-01 21:08:23;2025-08-21 17:20:51;2025-08-21 17:27:19;2025-08-21 17:27:19;2025-08;2025-08;;2025-08;Consultoria - Condo;11;Fechamento;88;5;1024;condomínio Residencial Estrela;cnpj:08888803000136;cnpj;08888803000136;Pós-Venda base XPE;Criado manualmente;"IGOR,ICV - Inspeção de carregador veicular";IGOR;Sem motivo informado;;label_or_inference;ICV - Inspeção de carregador veicular;ICV - Inspeção de carregador veicular;true;false;equal_label_split;Denilson Azevedo;Laudos e consultoria condominial;true;1;true;1;0
1140;Negócio Edf Praça do Mar;won;1600;BRL;2025-08-21 17:21:18;2025-12-01 21:08:09;2025-08-21 17:21:24;2025-08-21 17:28:35;2025-08-21 17:28:35;2025-08;2025-08;;2025-08;Consultoria - Condo;11;Fechamento;88;5;786;Edf Praça do Mar;cnpj:15055733000109;cnpj;15055733000109;Pós-Venda base XPE;Criado manualmente;"IGOR,ICV - Inspeção de carregador veicular";IGOR;Sem motivo informado;;label_or_inference;ICV - Inspeção de carregador veicular;ICV - Inspeção de carregador veicular;true;false;equal_label_split;Alejandro Reys;Laudos e consultoria condominial;true;1;true;1;0
673;Negócio Jardins do Capibaribe;won;9900;BRL;2024-09-23 22:25:14;2025-12-01 21:09:23;2025-08-29 19:28:16;2025-09-02 14:26:06;2025-09-02 14:26:06;2024-09;2025-09;;2025-09;Consultoria - Condo;11;Fechamento;88;5;659;Jardins do Capibaribe;cnpj:08639466000143;cnpj;08639466000143;Indicação de Cliente XPE;Criado manualmente;"GABRIEL,LDC - Laudo de disponibilidade de carga";GABRIEL;Sem motivo informado;;label_or_inference;LDC - Laudo de disponibilidade de carga;LDC - Laudo de disponibilidade de carga;true;false;equal_label_split;Luiz Carlos Sindico;Laudos e consultoria condominial;false;0;false;0;344
692;Negócio Hilson Macedo;won;10600;BRL;2024-10-08 18:12:01;2025-12-01 22:18:38;2025-09-05 15:25:29;2025-09-05 15:31:35;2025-09-05 15:31:35;2024-10;2025-09;;2025-09;Consultoria - Condo;11;Fechamento;88;5;679;Hilson Macedo;cnpj:38285871000171;cnpj;38285871000171;Parceiro Comercial;Criado manualmente;"IGOR,LDC - Laudo de disponibilidade de carga,ICV - Inspeção de carregador veicular";IGOR;Sem motivo informado;;label_or_inference;"LDC - Laudo de disponibilidade de carga,ICV - Inspeção de carregador veicular";LDC - Laudo de disponibilidade de carga;true;true;equal_label_split;Silvania;Laudos e consultoria condominial;false;0;false;0;332
699;Negócio Edf Samsara;won;5000;BRL;2024-10-25 20:56:56;2025-12-01 22:11:42;2025-09-18 01:49:52;2025-09-29 18:53:43;2025-09-29 18:53:43;2024-10;2025-09;;2025-09;Consultoria - Condo;11;Fechamento;88;5;687;Edf Samsara;cnpj:10395888000162;cnpj;10395888000162;Administradora Cond.;Criado manualmente;"IGOR,LDC - Laudo de disponibilidade de carga";IGOR;Sem motivo informado;;label_or_inference;LDC - Laudo de disponibilidade de carga;LDC - Laudo de disponibilidade de carga;true;false;equal_label_split;Leandro Duarte;Laudos e consultoria condominial;false;0;false;0;339
1084;Negócio Edf Quinta do Algarve;won;4800;BRL;2025-07-18 17:53:03;2026-01-15 17:47:38;2025-08-26 14:12:09;2025-09-02 13:30:20;2025-09-02 13:30:20;2025-07;2025-09;;2025-09;Consultoria - Condo;11;Fechamento;88;5;1081;Edf Quinta do Algarve;cnpj:10528059000100;cnpj;10528059000100;Tráfego Pago;Criado manualmente;"IGOR,LDC - Laudo de disponibilidade de carga";IGOR;Sem motivo informado;;label_or_inference;LDC - Laudo de disponibilidade de carga;LDC - Laudo de disponibilidade de carga;true;false;equal_label_split;Nelson Costa;Laudos e consultoria condominial;false;0;false;0;46
1130;Negócio Edf Casa Rosada;won;16493.98;BRL;2025-08-18 16:39:51;2025-12-01 21:35:16;2025-12-01 21:35:16;2025-09-22 19:45:29;2025-09-22 19:45:29;2025-08;2025-09;;2025-09;Obras;14;Negociações Iniciadas;105;5;738;Edf Manoella Vilaça;org:manoella vilaca;organization_name;;Pós-Venda base XPE;Criado manualmente;"IGOR,OBRA";IGOR;Sem motivo informado;;label_or_inference;OBRA;OBRA;true;false;equal_label_split;Sóstenes;Obras eletricas;false;0;false;0;35
1134;Edf Luar da Praia;won;12420;BRL;2025-08-19 11:55:08;2025-12-16 21:34:35;2025-09-16 18:06:30;2025-09-25 17:20:31;2025-09-25 17:20:31;2025-08;2025-09;;2025-09;Consultoria - Condo;11;Fechamento;88;5;1130;Edf Luar da Praia;cnpj:38054355000136;cnpj;38054355000136;Administradora Cond.;Criado manualmente;"GABRIEL,LDC - Laudo de disponibilidade de carga";GABRIEL;Sem motivo informado;;label_or_inference;LDC - Laudo de disponibilidade de carga;LDC - Laudo de disponibilidade de carga;true;false;equal_label_split;Ivan Almeida;Laudos e consultoria condominial;false;0;false;0;37
1136;Negócio Edf PARADOR DE GALICIA;won;5500;BRL;2025-08-19 17:54:15;2025-12-16 21:34:00;2025-08-29 12:26:35;2025-09-08 01:20:42;2025-09-08 01:20:42;2025-08;2025-09;;2025-09;Consultoria - Condo;11;Fechamento;88;5;1132;Edf PARADOR DE GALICIA;org:parador galicia;organization_name;;Administradora Cond.;Criado manualmente;"GABRIEL,LIE - Laudo de Instalações Elétricas";GABRIEL;Sem motivo informado;;label_or_inference;LIE - Laudo de Instalações Elétricas;LIE - Laudo de Instalações Elétricas;true;false;equal_label_split;Giovanne Sind ParadorGalicia;Laudos e consultoria condominial;false;0;false;0;19
1141;Negócio Edf MIllennium;won;5000;BRL;2025-08-21 17:22:28;2025-12-01 21:09:41;2025-08-21 17:27:13;2025-09-17 14:32:13;2025-09-17 14:32:13;2025-08;2025-09;;2025-09;Consultoria - Condo;11;Fechamento;88;5;1099;Edf MIllennium;cnpj:04107259000197;cnpj;04107259000197;Pós-Venda base XPE;Criado manualmente;"IGOR,PROJETOS";IGOR;Sem motivo informado;;label_or_inference;PROJETOS;PROJETOS;true;false;equal_label_split;Rosamaria;Laudos e consultoria condominial;true;1;true;1;27
1142;Edf Castelo de Blois negócio;won;6000;BRL;2025-08-22 22:35:21;2025-12-16 21:34:09;2025-09-02 14:29:38;2025-09-08 01:20:48;2025-09-08 01:20:48;2025-08;2025-09;;2025-09;Consultoria - Condo;11;Fechamento;88;5;1135;Edf Castelo de Blois;org:castelo blois;organization_name;;Administradora Cond.;Criado manualmente;"GABRIEL,LIE - Laudo de Instalações Elétricas";GABRIEL;Sem motivo informado;;label_or_inference;LIE - Laudo de Instalações Elétricas;LIE - Laudo de Instalações Elétricas;true;false;equal_label_split;Giovanne Sind ParadorGalicia;Laudos e consultoria condominial;false;0;false;0;16
1183;Edf Luis dias lins negócio;won;4000;BRL;2025-09-16 23:40:15;2025-12-01 21:23:16;2025-09-22 13:30:38;2025-09-23 21:45:13;2025-09-23 21:45:13;2025-09;2025-09;;2025-09;Consultoria - Condo;11;Fechamento;88;5;1082;Edf Luis dias lins;cnpj:13537008000133;cnpj;13537008000133;Pós-Venda base XPE;Criado manualmente;"GABRIEL,PIE - Projeto infra.  Eletrocalha e Emergência";GABRIEL;Sem motivo informado;;label_or_inference;PIE - Projeto infra.  Eletrocalha e Emergência;PIE - Projeto infra.  Eletrocalha e Emergência;true;false;equal_label_split;Fernanda síndica;Laudos e consultoria condominial;true;1;true;1;7
1184;Negócio Edf Cristiano;won;2600;BRL;2025-09-18 01:50:39;2025-12-01 21:09:52;2025-09-18 01:50:43;2025-09-18 01:51:37;2025-09-18 01:51:37;2025-09;2025-09;;2025-09;Consultoria - Condo;11;Fechamento;88;5;1179;Edf Cristiano;cnpj:05295147000170;cnpj;05295147000170;Pós-Venda base XPE;Criado manualmente;"IGOR,LDC - Laudo de disponibilidade de carga";IGOR;Sem motivo informado;;label_or_inference;LDC - Laudo de disponibilidade de carga;LDC - Laudo de disponibilidade de carga;true;false;equal_label_split;Renata Félix;Laudos e consultoria condominial;true;1;true;1;0
1040;Negócio Edf Morada dos Agapanthus;won;4500;BRL;2025-06-27 18:24:34;2025-12-16 21:52:37;2025-10-21 15:18:20;2025-10-24 16:53:04;2025-10-24 16:53:04;2025-06;2025-10;;2025-10;Consultoria - Condo;11;Fechamento;88;5;1035;Edf Morada dos Agapanthus;org:morada agapanthus;organization_name;;Parceiro Comercial;Criado manualmente;"GABRIEL,LIE - Laudo de Instalações Elétricas";GABRIEL;Sem motivo informado;;label_or_inference;LIE - Laudo de Instalações Elétricas;LIE - Laudo de Instalações Elétricas;true;false;equal_label_split;Genival;Laudos e consultoria condominial;false;0;false;0;119
1074;Negócio Edf Piedade Prince;won;14000;BRL;2025-07-14 18:16:35;2025-12-16 21:51:18;2025-10-02 00:08:38;2025-10-04 02:45:58;2025-10-04 02:45:58;2025-07;2025-10;;2025-10;Consultoria - Condo;11;Fechamento;88;5;1066;Edf Piedade Prince;cnpj:03346750000108;cnpj;03346750000108;Outro Tipo;Criado manualmente;"GABRIEL,LIE - Laudo de Instalações Elétricas,LDC - Laudo de disponibilidade de carga,ICV - Inspeção de carregador veicular";GABRIEL;Sem motivo informado;;label_or_inference;"LIE - Laudo de Instalações Elétricas,LDC - Laudo de disponibilidade de carga,ICV - Inspeção de carregador veicular";LDC - Laudo de disponibilidade de carga;true;true;equal_label_split;Severino Ferreira;Laudos e consultoria condominial;false;0;false;0;81
1076;Negócio Edf Nicolau II;won;7700;BRL;2025-07-15 13:25:04;2025-12-01 22:13:05;2025-10-22 20:18:26;2025-10-29 17:39:28;2025-10-29 17:39:28;2025-07;2025-10;;2025-10;Consultoria - Condo;11;Fechamento;88;5;1070;Edf Nicolau II;cnpj:04518017000196;cnpj;04518017000196;Parceiro Comercial;Criado manualmente;"IGOR,LDC - Laudo de disponibilidade de carga";IGOR;Sem motivo informado;;label_or_inference;LDC - Laudo de disponibilidade de carga;LDC - Laudo de disponibilidade de carga;true;false;equal_label_split;Lilianny Sousa;Laudos e consultoria condominial;false;0;false;0;106
1129;Negócio Paraíso Eco Resort Campina Grande;won;31350;BRL;2025-08-18 14:13:42;2025-12-01 21:23:32;2025-10-08 13:25:54;2025-10-15 18:12:50;2025-10-15 18:12:50;2025-08;2025-10;;2025-10;Consultoria - Condo;11;Fechamento;88;5;1126;Paraíso Eco Resort Campina Grande;org:paraiso eco resort campina grande;organization_name;;Indicação Avulsa;Criado manualmente;"GABRIEL,LDC - Laudo de disponibilidade de carga";GABRIEL;Sem motivo informado;;label_or_inference;LDC - Laudo de disponibilidade de carga;LDC - Laudo de disponibilidade de carga;true;false;equal_label_split;Hiran de Melo;Laudos e consultoria condominial;false;0;false;0;58
1172;Negócio edifício Morada das Palmeiras;won;6800;BRL;2025-09-09 01:30:05;2025-12-16 22:09:22;2025-10-13 21:26:07;2025-10-21 20:57:25;2025-10-21 20:57:25;2025-09;2025-10;;2025-10;Consultoria - Condo;11;Fechamento;88;5;1167;edifício Morada das Palmeiras;cnpj:07473307000159;cnpj;07473307000159;Indicação de Cliente XPE;Criado manualmente;"GABRIEL,LIE - Laudo de Instalações Elétricas";GABRIEL;Sem motivo informado;;label_or_inference;LIE - Laudo de Instalações Elétricas;LIE - Laudo de Instalações Elétricas;true;false;equal_label_split;Kelly C Esteves;Laudos e consultoria condominial;false;0;false;0;43
1179;Negócio Edf Madalena Colonial;won;8300;BRL;2025-09-12 18:57:24;2025-12-01 22:12:52;2025-09-23 18:30:32;2025-10-01 20:36:53;2025-10-01 20:36:53;2025-09;2025-10;;2025-10;Consultoria - Condo;11;Fechamento;88;5;1175;Edf Madalena Colonial;cnpj:10383770000114;cnpj;10383770000114;Administradora Cond.;Criado manualmente;"IGOR,LDC - Laudo de disponibilidade de carga";IGOR;Sem motivo informado;;label_or_inference;LDC - Laudo de disponibilidade de carga;LDC - Laudo de disponibilidade de carga;true;false;equal_label_split;João Neto;Laudos e consultoria condominial;false;0;false;0;19
1180;Negócio Edf Reserva do Poço;won;13000;BRL;2025-09-12 19:11:49;2025-12-01 21:13:08;2025-10-24 13:39:59;2025-10-28 18:02:58;2025-10-28 18:02:58;2025-09;2025-10;;2025-10;Consultoria - Condo;11;Fechamento;88;5;1176;Edf Reserva do Poço;cnpj:11419309000137;cnpj;11419309000137;Indicação de Cliente XPE;Criado manualmente;"IGOR,LDC - Laudo de disponibilidade de carga,ICV - Inspeção de carregador veicular";IGOR;Sem motivo informado;;label_or_inference;"LDC - Laudo de disponibilidade de carga,ICV - Inspeção de carregador veicular";LDC - Laudo de disponibilidade de carga;true;true;equal_label_split;Mayra;Laudos e consultoria condominial;true;1;true;1;46
1204;Edf Principe de Toscana;won;2000;BRL;2025-09-30 04:08:04;2025-12-01 21:12:48;2025-09-30 04:08:11;2025-10-01 20:37:06;2025-10-01 20:37:06;2025-09;2025-10;;2025-10;Consultoria - Condo;11;Fechamento;88;5;1201;Edf Principe de Toscana;cnpj:04022882000147;cnpj;04022882000147;Pós-Venda base XPE;Criado manualmente;"IGOR,LDC - Laudo de disponibilidade de carga";IGOR;Sem motivo informado;;label_or_inference;LDC - Laudo de disponibilidade de carga;LDC - Laudo de disponibilidade de carga;true;false;equal_label_split;George Leitão;Laudos e consultoria condominial;true;1;true;1;2
1225;Edf Cristiano;won;4500;BRL;2025-10-20 15:31:34;2025-12-01 21:12:57;2025-10-20 15:31:42;2025-10-22 18:48:29;2025-10-22 18:48:29;2025-10;2025-10;;2025-10;Consultoria - Condo;11;Fechamento;88;5;1217;Edf Cristiano;org:cristiano;organization_name;;Pós-Venda base XPE;Criado manualmente;"IGOR,PIE - Projeto infra.  Eletrocalha e Emergência";IGOR;Sem motivo informado;;label_or_inference;PIE - Projeto infra.  Eletrocalha e Emergência;PIE - Projeto infra.  Eletrocalha e Emergência;true;false;equal_label_split;Renata Félix;Laudos e consultoria condominial;false;0;false;0;2
1232;Edf Cristiano;won;20000;BRL;2025-10-22 18:50:29;2025-12-01 22:17:45;;2025-10-22 18:50:34;2025-10-22 18:50:34;2025-10;2025-10;;2025-10;Obras;14;Solicitação Orçamento;101;1;1217;Edf Cristiano;org:cristiano;organization_name;;Pós-Venda base XPE;Criado manualmente;"IGOR,OBRA";IGOR;Sem motivo informado;;label_or_inference;OBRA;OBRA;true;false;equal_label_split;Renata Félix;Obras eletricas;true;1;false;0;0
1055;Negócio Edf Walter Turton;won;6000;BRL;2025-07-07 15:56:30;2025-12-16 21:34:57;2025-10-15 20:16:06;2025-11-03 16:34:55;2025-11-03 16:34:55;2025-07;2025-11;;2025-11;Consultoria - Condo;11;Fechamento;88;5;1049;Edf Walter Turton;cnpj:05044739000119;cnpj;05044739000119;Administradora Cond.;Criado manualmente;"GABRIEL,LDC - Laudo de disponibilidade de carga";GABRIEL;Sem motivo informado;;label_or_inference;LDC - Laudo de disponibilidade de carga;LDC - Laudo de disponibilidade de carga;true;false;equal_label_split;Nathalia França Síndica Profissional;Laudos e consultoria condominial;false;0;false;0;119
1062;Negócio Cond Casa da Montanha;won;10200;BRL;2025-07-09 04:54:30;2025-12-01 21:13:41;2025-10-08 14:09:08;2025-11-03 19:46:31;2025-11-03 19:46:31;2025-07;2025-11;;2025-11;Consultoria - Condo;11;Fechamento;88;5;1056;Cond Casa da Montanha;cnpj:18585419000118;cnpj;18585419000118;;Criado manualmente;"IGOR,LIE - Laudo de Instalações Elétricas,LDC - Laudo de disponibilidade de carga";IGOR;Sem motivo informado;;label_or_inference;"LIE - Laudo de Instalações Elétricas,LDC - Laudo de disponibilidade de carga";LDC - Laudo de disponibilidade de carga;true;true;equal_label_split;Priscilla Fernandes | Síndica Profissional;Laudos e consultoria condominial;false;0;false;0;118
1077;Negócio Edf Maria Clarice;won;5000;BRL;2025-07-15 13:28:14;2026-06-25 20:37:58;2025-10-24 13:32:25;2025-11-18 18:23:16;2025-11-18 18:23:16;2025-07;2025-11;;2025-11;Consultoria - Condo;11;Fechamento;88;5;1071;Edf Maria Clarice;org:maria clarice;organization_name;;Parceiro Comercial;Criado manualmente;"IGOR,LIE - Laudo de Instalações Elétricas";IGOR;Sem motivo informado;;label_or_inference;LIE - Laudo de Instalações Elétricas;LIE - Laudo de Instalações Elétricas;true;false;equal_label_split;Adriana;Laudos e consultoria condominial;false;0;false;0;126
1102;Negócio Edf Sobrado do Capibaribe;won;11000;BRL;2025-07-28 18:35:28;2025-12-01 22:44:46;2025-11-26 18:58:22;2025-11-26 18:58:39;2025-11-26 18:58:39;2025-07;2025-11;;2025-11;Consultoria - Condo;11;Fechamento;88;5;1100;Edf Sobrado do Capibaribe;cnpj:35466861000144;cnpj;35466861000144;Tráfego Pago;Criado manualmente;"IGOR,LIE - Laudo de Instalações Elétricas,LDC - Laudo de disponibilidade de carga";IGOR;Sem motivo informado;;label_or_inference;"LIE - Laudo de Instalações Elétricas,LDC - Laudo de disponibilidade de carga";LDC - Laudo de disponibilidade de carga;true;true;equal_label_split;Luciano;Laudos e consultoria condominial;false;0;false;0;121
1162;Negócio Edf Maria Regina;won;11000;BRL;2025-09-05 18:55:04;2025-12-16 21:35:13;2025-11-13 20:39:49;2025-11-13 15:57:11;2025-11-13 15:57:11;2025-09;2025-11;;2025-11;Consultoria - Condo;11;Fechamento;88;5;1157;Edf Maria Regina;cnpj:03062111000110;cnpj;03062111000110;Administradora Cond.;Criado manualmente;"GABRIEL,LIE - Laudo de Instalações Elétricas,LDC - Laudo de disponibilidade de carga";GABRIEL;Sem motivo informado;;label_or_inference;"LIE - Laudo de Instalações Elétricas,LDC - Laudo de disponibilidade de carga";LDC - Laudo de disponibilidade de carga;true;true;equal_label_split;Francisco Conte;Laudos e consultoria condominial;false;0;false;0;69
1188;Edf Terra Brasilis;won;9000;BRL;2025-09-19 23:13:17;2025-11-04 13:13:14;2025-10-07 12:32:28;2025-11-04 13:13:14;2025-11-04 13:13:14;2025-09;2025-11;;2025-11;Consultoria - Condo;11;Fechamento;88;5;1078;Edf Terra Brasilis;cnpj:04239390000108;cnpj;04239390000108;Pós-Venda base XPE;Criado manualmente;"GABRIEL,PIE - Projeto infra.  Eletrocalha e Emergência";GABRIEL;Sem motivo informado;;label_or_inference;PIE - Projeto infra.  Eletrocalha e Emergência;PIE - Projeto infra.  Eletrocalha e Emergência;true;false;equal_label_split;Fernanda síndica;Laudos e consultoria condominial;true;1;true;1;46
1202;Edf. Cap d'Antibes;won;7700;BRL;2025-09-29 23:27:09;2025-12-01 22:15:48;2025-10-29 17:52:11;2025-11-18 19:09:13;2025-11-18 19:09:13;2025-09;2025-11;;2025-11;Consultoria - Condo;11;Fechamento;88;5;1199;Edf. Cap d'Antibes;cnpj:05213011000173;cnpj;05213011000173;Administradora Cond.;Criado manualmente;"IGOR,LDC - Laudo de disponibilidade de carga";IGOR;Sem motivo informado;;label_or_inference;LDC - Laudo de disponibilidade de carga;LDC - Laudo de disponibilidade de carga;true;false;equal_label_split;Vicente Sind;Laudos e consultoria condominial;false;0;false;0;50
1206;Edf Terra Brasilis;won;9700;BRL;2025-09-30 21:09:48;2025-12-01 21:32:46;2025-10-15 00:23:28;2025-11-25 18:09:11;2025-11-25 18:09:11;2025-09;2025-11;;2025-11;Obras;14;Negociações Iniciadas;105;5;1078;Edf Terra Brasilis;cnpj:04239390000108;cnpj;04239390000108;;Criado manualmente;"GABRIEL,OBRA";GABRIEL;Sem motivo informado;;label_or_inference;OBRA;OBRA;true;false;equal_label_split;Fernanda síndica;Obras eletricas;true;2;true;2;56
1211;Edf Porto dos Corais;won;4500;BRL;2025-10-08 15:00:46;2025-11-05 15:13:32;2025-10-23 21:58:28;2025-11-05 15:13:32;2025-11-05 15:13:32;2025-10;2025-11;;2025-11;Consultoria - Condo;11;Fechamento;88;5;1208;Edf Porto dos Corais;cnpj:03034724000144;cnpj;03034724000144;Indicação de Cliente XPE;Criado manualmente;"GABRIEL,LIE - Laudo de Instalações Elétricas";GABRIEL;Sem motivo informado;;label_or_inference;LIE - Laudo de Instalações Elétricas;LIE - Laudo de Instalações Elétricas;true;false;equal_label_split;Edrizio;Laudos e consultoria condominial;false;0;false;0;28
1231;Edf Muçambê;won;7800;BRL;2025-10-22 18:30:22;2025-12-01 22:13:25;2025-10-29 17:52:45;2025-11-05 15:02:50;2025-11-05 15:02:50;2025-10;2025-11;;2025-11;Consultoria - Condo;11;Fechamento;88;5;1223;Edf Muçambê;cnpj:09436429000109;cnpj;09436429000109;Administradora Cond.;Criado manualmente;"IGOR,LDC - Laudo de disponibilidade de carga";IGOR;Sem motivo informado;;label_or_inference;LDC - Laudo de disponibilidade de carga;LDC - Laudo de disponibilidade de carga;true;false;equal_label_split;Luciano Ramos;Laudos e consultoria condominial;false;0;false;0;14
1236;Conjunto Portinari;won;6000;BRL;2025-10-23 21:57:29;2025-12-01 22:13:46;;2025-11-10 12:44:29;2025-11-10 12:44:29;2025-10;2025-11;;2025-11;Consultoria - Condo;11;Fechamento;88;5;1227;Conjunto Portinari;org:conjunto portinari;organization_name;;Administradora Cond.;Criado manualmente;"GABRIEL,IGOR,LIE - Laudo de Instalações Elétricas";GABRIEL;Sem motivo informado;;label_or_inference;LIE - Laudo de Instalações Elétricas;LIE - Laudo de Instalações Elétricas;true;false;equal_label_split;Fred ConjPortinari;Laudos e consultoria condominial;false;0;false;0;18
1238;Geraldo Posto Geração;won;4000;BRL;2025-10-30 19:27:46;2025-12-01 21:24:08;2025-11-24 20:49:30;2025-11-26 18:48:54;2025-11-26 18:48:54;2025-10;2025-11;;2025-11;Consultoria - Condo;11;Fechamento;88;5;1229;Geraldo Posto Geração;org:geraldo posto geracao;organization_name;;Indicação de Cliente XPE;Criado manualmente;"GABRIEL,LDC - Laudo de disponibilidade de carga";GABRIEL;Sem motivo informado;;label_or_inference;LDC - Laudo de disponibilidade de carga;LDC - Laudo de disponibilidade de carga;true;false;equal_label_split;Geraldo Posto Geração;Laudos e consultoria condominial;false;0;false;0;27
1262;Edf Quinta Tereza Beltrão;won;7560;BRL;2025-11-18 23:40:09;2025-12-16 22:07:51;2025-11-25 20:32:29;2025-11-28 14:07:25;2025-11-28 14:07:25;2025-11;2025-11;;2025-11;Consultoria - Condo;11;Fechamento;88;5;1252;Edf Quinta Tereza Beltrão;cnpj:15066354000106;cnpj;15066354000106;Sind. Profissional Base;Criado manualmente;"GABRIEL,LDC - Laudo de disponibilidade de carga";GABRIEL;Sem motivo informado;;label_or_inference;LDC - Laudo de disponibilidade de carga;LDC - Laudo de disponibilidade de carga;true;false;equal_label_split;Fernanda síndica;Laudos e consultoria condominial;false;0;false;0;10
665;Negócio Edf Villa Casa Forte;won;5000;BRL;2024-09-20 21:26:02;2026-06-25 20:36:16;2025-11-27 04:25:40;2025-12-17 18:53:04;2025-12-17 18:53:04;2024-09;2025-12;;2025-12;Consultoria - Condo;11;Fechamento;88;5;651;Edf Villa Casa Forte;org:villa casa forte;organization_name;;;Criado manualmente;"IGOR,LDC - Laudo de disponibilidade de carga";IGOR;Sem motivo informado;;label_or_inference;LDC - Laudo de disponibilidade de carga;LDC - Laudo de disponibilidade de carga;true;false;equal_label_split;Anselmo;Laudos e consultoria condominial;false;0;false;0;453
868;Negócio Edf Giulia Priori;won;7800;BRL;2025-02-18 16:49:32;2025-12-03 17:35:49;2025-11-05 15:03:03;2025-12-03 17:35:49;2025-12-03 17:35:49;2025-02;2025-12;;2025-12;Consultoria - Condo;11;Fechamento;88;5;867;Edf Giulia Priori;org:giulia priori;organization_name;;Indicação Avulsa;Criado manualmente;"IGOR,PRÉ-VENDA";IGOR;Sem motivo informado;;label_or_inference;Laudos e consultoria condominial;Laudos e consultoria condominial;false;false;equal_label_split;Kena;Laudos e consultoria condominial;false;0;false;0;288
1191;Edf Novo Jardim;won;9900;BRL;2025-09-24 23:28:48;2025-12-12 17:39:49;2025-11-27 18:14:57;2025-12-12 17:39:49;2025-12-12 17:39:49;2025-09;2025-12;;2025-12;Consultoria - Condo;11;Fechamento;88;5;1186;Edf Novo Jardim;cnpj:18561736000102;cnpj;18561736000102;;Criado manualmente;"GABRIEL,LDC - Laudo de disponibilidade de carga";GABRIEL;Sem motivo informado;;label_or_inference;LDC - Laudo de disponibilidade de carga;LDC - Laudo de disponibilidade de carga;true;false;equal_label_split;Carla sindnovojardim;Laudos e consultoria condominial;false;0;false;0;79
1220;Edf Maria Carolina negócio;won;19440;BRL;2025-10-15 00:32:37;2025-12-23 16:26:45;;2025-12-23 16:26:45;2025-12-23 16:26:45;2025-10;2025-12;;2025-12;Obras;14;Proposta Feita;104;4;1019;Edf Maria Carolina;org:maria carolina;organization_name;;;Criado manualmente;GABRIEL;GABRIEL;Sem motivo informado;;label_or_inference;Obras eletricas;Obras eletricas;false;false;equal_label_split;Edjair Sindico;Obras eletricas;true;1;false;0;70
1221;Cond. Montendre;won;33649.29;BRL;2025-10-15 21:10:43;2025-12-01 21:32:49;2025-10-31 14:36:53;2025-12-01 16:08:40;2025-12-01 16:08:40;2025-10;2025-12;;2025-12;Obras;14;Negociações Iniciadas;105;5;667;Cond. Montendre;org:montendre;organization_name;;;Criado manualmente;"JONILDO,OBRA";JONILDO;Sem motivo informado;;label_or_inference;OBRA;OBRA;true;false;equal_label_split;Andressa Barbosa;Obras eletricas;true;1;false;0;47
1246;Edf Rio Siriji;won;7000;BRL;2025-11-05 17:57:53;2025-12-22 02:19:09;2025-11-25 02:40:26;2025-12-22 02:19:09;2025-12-22 02:19:09;2025-11;2025-12;;2025-12;Consultoria - Condo;11;Fechamento;88;5;1237;Edf Rio Siriji;cnpj:00942145000101;cnpj;00942145000101;Tráfego Pago;Criado manualmente;"IGOR,LIE - Laudo de Instalações Elétricas";IGOR;Sem motivo informado;;label_or_inference;LIE - Laudo de Instalações Elétricas;LIE - Laudo de Instalações Elétricas;true;false;equal_label_split;Marta Assunção;Laudos e consultoria condominial;false;0;false;0;46
1257;Edf Portal do Parnamirim;won;8800;BRL;2025-11-13 19:43:25;2025-12-01 22:16:51;2025-11-21 20:30:22;2025-12-01 14:51:56;2025-12-01 14:51:56;2025-11;2025-12;;2025-12;Consultoria - Condo;11;Fechamento;88;5;1248;Edf Portal do Parnamirim;cnpj:41055427000174;cnpj;41055427000174;Administradora Cond.;Criado manualmente;"IGOR,LIE - Laudo de Instalações Elétricas,LDC - Laudo de disponibilidade de carga";IGOR;Sem motivo informado;;label_or_inference;"LIE - Laudo de Instalações Elétricas,LDC - Laudo de disponibilidade de carga";LDC - Laudo de disponibilidade de carga;true;true;equal_label_split;Kelly SindicaPortalParnamirim;Laudos e consultoria condominial;false;0;false;0;18
1296;Edf Luar das Ubaias;won;19700;BRL;2025-11-27 19:58:46;2025-12-12 17:55:32;2025-12-01 14:28:36;2025-12-12 17:55:32;2025-12-12 17:55:32;2025-11;2025-12;;2025-12;Obras;14;Negociações Iniciadas;105;5;967;Edf Luar das Ubaias;cnpj:11467141000135;cnpj;11467141000135;Pós-Venda base XPE;Criado manualmente;GABRIEL;GABRIEL;Sem motivo informado;;label_or_inference;Obras eletricas;Obras eletricas;false;false;equal_label_split;Luis Síndico;Obras eletricas;true;1;true;1;15
1301;Edf Carla Dias;won;5000;BRL;2025-12-03 17:51:12;2025-12-15 19:17:02;2025-12-03 17:53:05;2025-12-15 19:17:01;2025-12-15 19:17:01;2025-12;2025-12;;2025-12;Consultoria - Condo;11;Fechamento;88;5;655;Edf Carla Dias;cnpj:02072321000127;cnpj;02072321000127;Pós-Venda base XPE;Criado manualmente;"IGOR,PROJETOS";IGOR;Sem motivo informado;;label_or_inference;PROJETOS;PROJETOS;true;false;equal_label_split;Anselmo Pereira;Laudos e consultoria condominial;true;1;true;1;12
1320;Edf Walter Turton;won;3000;BRL;2025-12-17 17:57:54;2025-12-17 17:58:03;;2025-12-17 17:58:03;2025-12-17 17:58:03;2025-12;2025-12;;2025-12;Consultoria - Condo;11;Fechamento;88;5;1049;Edf Walter Turton;cnpj:05044739000119;cnpj;05044739000119;Pós-Venda base XPE;Criado manualmente;"GABRIEL,ICV - Inspeção de carregador veicular";GABRIEL;Sem motivo informado;;label_or_inference;ICV - Inspeção de carregador veicular;ICV - Inspeção de carregador veicular;true;false;equal_label_split;Marcos Sind WalterTurton;Laudos e consultoria condominial;true;1;true;1;0
1323;Edf Cid Sampaio;won;19000;BRL;2025-12-18 18:42:29;2025-12-18 18:43:33;2025-12-18 18:42:39;2025-12-18 18:43:32;2025-12-18 18:43:32;2025-12;2025-12;;2025-12;Obras;14;Proposta Feita;104;4;1277;Edf Cid Sampaio;org:cid sampaio;organization_name;;Pós-Venda base XPE;Criado manualmente;"IGOR,OBRA";IGOR;Sem motivo informado;;label_or_inference;OBRA;OBRA;true;false;equal_label_split;Anselmo;Obras eletricas;false;0;false;0;0
685;Negócio Edf. Ara Pacis;won;13000;BRL;2024-09-27 17:49:47;2026-07-31 22:53:27;2025-12-01 15:01:22;2026-01-13 17:56:51;2026-01-13 17:56:51;2024-09;2026-01;;2026-01;Consultoria - Condo;11;Fechamento;88;5;671;Edf. Ara Pacis;org:ara pacis;organization_name;;Indicação Avulsa;Criado manualmente;"IGOR,LIE - Laudo de Instalações Elétricas,LDC - Laudo de disponibilidade de carga";IGOR;Sem motivo informado;;label_or_inference;"LIE - Laudo de Instalações Elétricas,LDC - Laudo de disponibilidade de carga";LDC - Laudo de disponibilidade de carga;true;true;equal_label_split;"Dr, Mauro Guimarães";Laudos e consultoria condominial;false;0;false;0;473
823;Negócio Verano ADM;won;7500;BRL;2025-02-17 14:08:59;2026-01-31 22:37:51;2026-01-29 15:30:37;2026-01-31 22:37:51;2026-01-31 22:37:51;2025-02;2026-01;;2026-01;Consultoria - Condo;11;Fechamento;88;5;817;Verano ADM;org:verano adm;organization_name;;Lista de Contato;Criado manualmente;"IGOR,PIE - Projeto infra.  Eletrocalha e Emergência";IGOR;Sem motivo informado;;label_or_inference;PIE - Projeto infra.  Eletrocalha e Emergência;PIE - Projeto infra.  Eletrocalha e Emergência;true;false;equal_label_split;Angelia;Laudos e consultoria condominial;false;0;false;0;348
1156;Negócio Edf Itaqua Vilage;won;6000;BRL;2025-09-01 19:32:38;2026-02-26 18:51:58;2026-01-26 20:16:05;2026-01-31 13:24:58;2026-01-31 13:24:58;2025-09;2026-01;;2026-01;Consultoria - Condo;11;Fechamento;88;5;1150;Edf Itaqua Vilage;org:itaqua vilage;organization_name;;Tráfego Pago;Criado manualmente;"GABRIEL,PROJETOS";GABRIEL;Sem motivo informado;;label_or_inference;PROJETOS;PROJETOS;true;false;equal_label_split;Ciro Guimarães;Laudos e consultoria condominial;false;0;false;0;152
1195;Edf Roraima;won;5000;BRL;2025-09-25 18:25:24;2026-01-13 21:29:20;2025-12-18 17:36:14;2026-01-13 21:29:20;2026-01-13 21:29:20;2025-09;2026-01;;2026-01;Consultoria - Condo;11;Fechamento;88;5;1190;Edf nao informado;org:nao informado;organization_name;;Tráfego Pago;Criado manualmente;"IGOR,LIE - Laudo de Instalações Elétricas";IGOR;Sem motivo informado;;label_or_inference;LIE - Laudo de Instalações Elétricas;LIE - Laudo de Instalações Elétricas;true;false;equal_label_split;Antonio Maria;Laudos e consultoria condominial;false;0;false;0;110
1300;Edf.Maria Nice negócio;won;10350;BRL;2025-12-03 13:14:53;2026-01-31 13:25:07;2026-01-30 17:50:18;2026-01-31 13:25:07;2026-01-31 13:25:07;2025-12;2026-01;;2026-01;Consultoria - Condo;11;Fechamento;88;5;1262;Edf.Maria Nice;org:maria nice;organization_name;;Indicação Avulsa;Criado manualmente;"GABRIEL,LIE - Laudo de Instalações Elétricas,LDC - Laudo de disponibilidade de carga";GABRIEL;Sem motivo informado;;label_or_inference;"LIE - Laudo de Instalações Elétricas,LDC - Laudo de disponibilidade de carga";LDC - Laudo de disponibilidade de carga;true;true;equal_label_split;Karina;Laudos e consultoria condominial;false;0;false;0;59
1308;Câmara de Vereadores de Recife;won;14450;BRL;2025-12-06 01:15:24;2026-02-26 18:55:01;2025-12-17 14:55:22;2026-01-13 14:58:44;2026-01-13 14:58:44;2025-12;2026-01;;2026-01;Consultoria - Condo;11;Fechamento;88;5;1268;Câmara de Vereadores de Recife;org:camara vereadores recife;organization_name;;Indicação de Cliente XPE;Criado manualmente;"GABRIEL,LIE - Laudo de Instalações Elétricas,LDC - Laudo de disponibilidade de carga";GABRIEL;Sem motivo informado;;label_or_inference;"LIE - Laudo de Instalações Elétricas,LDC - Laudo de disponibilidade de carga";LDC - Laudo de disponibilidade de carga;true;true;equal_label_split;Décio Santos;Laudos e consultoria condominial;false;0;false;0;39
1316;Cond. João Heráclio negócio;won;5000;BRL;2025-12-11 15:36:23;2026-07-31 13:52:30;2025-12-19 15:49:39;2026-01-18 15:03:38;2026-01-18 15:03:38;2025-12;2026-01;;2026-01;Consultoria - Condo;11;Fechamento;88;5;649;Cond. João Heráclio;cnpj:11419309000137;cnpj;11419309000137;Pós-Venda base XPE;Criado manualmente;"GABRIEL,PIE - Projeto infra.  Eletrocalha e Emergência";GABRIEL;Sem motivo informado;;label_or_inference;PIE - Projeto infra.  Eletrocalha e Emergência;PIE - Projeto infra.  Eletrocalha e Emergência;true;false;equal_label_split;Fabiano Carvalho;Laudos e consultoria condominial;true;2;true;2;38
1325;Edf Lajedo negócio;won;4000;BRL;2025-12-19 17:07:06;2026-02-26 18:55:52;2025-12-30 14:36:50;2026-01-06 15:16:55;2026-01-06 15:16:55;2025-12;2026-01;;2026-01;Consultoria - Condo;11;Fechamento;88;5;1279;Edf Lajedo;org:lajedo;organization_name;;Administradora Cond.;Criado manualmente;"GABRIEL,LIE - Laudo de Instalações Elétricas";GABRIEL;Sem motivo informado;;label_or_inference;LIE - Laudo de Instalações Elétricas;LIE - Laudo de Instalações Elétricas;true;false;equal_label_split;Carlos edf. Lajedo;Laudos e consultoria condominial;false;0;false;0;18
1337;Edf Quinta do Algarve;won;17000;BRL;2026-01-15 18:24:23;2026-01-16 13:42:17;2026-01-15 18:24:30;2026-01-16 13:42:17;2026-01-16 13:42:17;2026-01;2026-01;;2026-01;Obras;14;Proposta Feita;104;4;1081;Edf Quinta do Algarve;cnpj:10528059000100;cnpj;10528059000100;Pós-Venda base XPE;Criado manualmente;"IGOR,OBRA";IGOR;Sem motivo informado;;label_or_inference;OBRA;OBRA;true;false;equal_label_split;Juliana Moraes;Obras eletricas;true;1;true;1;1
1356;Edf Samsara;won;28000;BRL;2026-01-20 13:36:42;2026-04-02 14:16:38;2026-01-20 21:06:02;2026-01-23 17:08:06;2026-01-23 17:08:06;2026-01;2026-01;;2026-01;Obras;14;Proposta Feita;104;4;687;Edf Samsara;cnpj:10395888000162;cnpj;10395888000162;Pós-Venda base XPE;Criado manualmente;"IGOR,OBRA";IGOR;Sem motivo informado;;label_or_inference;OBRA;OBRA;true;false;equal_label_split;Leandro Duarte;Obras eletricas;true;1;true;1;3
1357;Edf Samsara;won;2500;BRL;2026-01-20 13:43:40;2026-04-02 14:23:17;2026-01-20 13:43:47;2026-01-20 13:44:22;2026-01-20 13:44:22;2026-01;2026-01;;2026-01;Consultoria - Condo;11;Fechamento;88;5;1295;Edf Samsara;org:samsara;organization_name;;Pós-Venda base XPE;Criado manualmente;"IGOR,LDC - Laudo de disponibilidade de carga";IGOR;Sem motivo informado;;label_or_inference;LDC - Laudo de disponibilidade de carga;LDC - Laudo de disponibilidade de carga;true;false;equal_label_split;Leandro Duarte;Laudos e consultoria condominial;false;0;false;0;0
1365;Edf Castelo de Blois;won;19800;BRL;2026-01-22 17:10:32;2026-07-31 13:52:24;;2026-01-30 17:48:54;2026-01-30 17:48:54;2026-01;2026-01;;2026-01;Obras;14;Negociações Iniciadas;105;5;1135;Edf Castelo de Blois;org:castelo blois;organization_name;;Pós-Venda base XPE;Criado manualmente;"GABRIEL,OBRA";GABRIEL;Sem motivo informado;;label_or_inference;OBRA;OBRA;true;false;equal_label_split;Giovanne Sind ParadorGalicia;Obras eletricas;true;1;false;0;8
1372;Edf Samsara;won;4500;BRL;2026-01-27 02:52:41;2026-01-27 02:54:11;2026-01-27 02:52:48;2026-01-27 02:54:11;2026-01-27 02:54:11;2026-01;2026-01;;2026-01;Consultoria - Condo;11;Fechamento;88;5;687;Edf Samsara;cnpj:10395888000162;cnpj;10395888000162;Pós-Venda base XPE;Criado manualmente;"IGOR,PIE - Projeto infra.  Eletrocalha e Emergência";IGOR;Sem motivo informado;;label_or_inference;PIE - Projeto infra.  Eletrocalha e Emergência;PIE - Projeto infra.  Eletrocalha e Emergência;true;false;equal_label_split;Leandro Duarte;Laudos e consultoria condominial;true;2;true;2;0
1386;Verano ADM;won;43031.72;BRL;2026-01-29 15:51:48;2026-01-31 22:40:31;2026-01-29 15:53:12;2026-01-31 22:40:31;2026-01-31 22:40:31;2026-01;2026-01;;2026-01;Obras;14;Negociações Iniciadas;105;5;817;Verano ADM;org:verano adm;organization_name;;Lista de Contato;Criado manualmente;"IGOR,OBRA,Instalação de Carregador Eletrico";IGOR;Sem motivo informado;;label_or_inference;"OBRA,Instalação de Carregador Eletrico";OBRA;true;true;equal_label_split;Angelia;Obras eletricas;true;1;false;0;2
625;Negócio Edf. Aderbal Jurema;won;8415;BRL;2024-07-24 19:22:39;2026-02-20 14:15:44;2026-02-12 20:49:59;2026-02-20 14:15:44;2026-02-20 14:15:44;2024-07;2026-02;;2026-02;Consultoria - Condo;11;Fechamento;88;5;611;Edf. Aderbal Jurema;org:aderbal jurema;organization_name;;Lista de Contato;Criado manualmente;"GABRIEL,PROJETOS,PIE - Projeto infra.  Eletrocalha e Emergência";GABRIEL;Sem motivo informado;;label_or_inference;"PROJETOS,PIE - Projeto infra.  Eletrocalha e Emergência";PIE - Projeto infra.  Eletrocalha e Emergência;true;true;equal_label_split;Geraldo Ricarte Filho;Laudos e consultoria condominial;false;0;false;0;576
1152;Negócio Edificio Le Parc;won;102000;BRL;2025-08-26 18:50:22;2026-04-02 14:20:30;2026-01-16 13:44:54;2026-02-03 19:50:43;2026-02-03 19:50:43;2025-08;2026-02;;2026-02;Consultoria - Condo;11;Fechamento;88;5;784;Edificio Le Parc;org:le parc;organization_name;;Pós-Venda base XPE;Criado manualmente;"IGOR,LDC - Laudo de disponibilidade de carga";IGOR;Sem motivo informado;;label_or_inference;LDC - Laudo de disponibilidade de carga;LDC - Laudo de disponibilidade de carga;true;false;equal_label_split;Emerson;Laudos e consultoria condominial;true;1;false;0;161
1254;Empresarial Praia Guarapari;won;7000;BRL;2025-11-12 15:39:55;2026-02-26 17:36:25;2026-02-24 17:26:23;2026-02-26 17:36:25;2026-02-26 17:36:25;2025-11;2026-02;;2026-02;Consultoria - Condo;11;Fechamento;88;5;1244;Empresarial Praia Guarapari;org:praia guarapari;organization_name;;Indicação de Cliente XPE;Criado manualmente;"IGOR,LIE - Laudo de Instalações Elétricas";IGOR;Sem motivo informado;;label_or_inference;LIE - Laudo de Instalações Elétricas;LIE - Laudo de Instalações Elétricas;true;false;equal_label_split;Janaina Alves;Laudos e consultoria condominial;false;0;false;0;106
1261;Edifício Ferreira da Costa;won;6000;BRL;2025-11-18 23:35:52;2026-07-03 01:48:28;2026-01-28 22:46:19;2026-02-27 15:41:21;2026-02-27 15:41:21;2025-11;2026-02;;2026-02;Consultoria - Condo;11;Fechamento;88;5;1251;Edifício Ferreira da Costa;org:ferreira costa;organization_name;;Administradora Cond.;Criado manualmente;"GABRIEL,LIE - Laudo de Instalações Elétricas";GABRIEL;Sem motivo informado;;label_or_inference;LIE - Laudo de Instalações Elétricas;LIE - Laudo de Instalações Elétricas;true;false;equal_label_split;Gabriel Monteiro Ability;Laudos e consultoria condominial;false;0;false;0;101
1324;Edf Solar do Camaragybe;won;6000;BRL;2025-12-19 13:20:10;2026-07-03 01:49:15;2026-02-03 14:03:46;2026-02-10 13:40:58;2026-02-10 13:40:58;2025-12;2026-02;;2026-02;Consultoria - Condo;11;Fechamento;88;5;1278;Edf Solar do Camaragybe;cnpj:24417024000109;cnpj;24417024000109;Sind. Profissional Base;Criado manualmente;"GABRIEL,LIE - Laudo de Instalações Elétricas";GABRIEL;Sem motivo informado;;label_or_inference;LIE - Laudo de Instalações Elétricas;LIE - Laudo de Instalações Elétricas;true;false;equal_label_split;Luciano Ramos;Laudos e consultoria condominial;false;0;false;0;53
1336;Edf Chanel;won;7000;BRL;2026-01-15 17:21:44;2026-02-23 19:09:09;2026-02-13 00:01:27;2026-02-23 19:09:09;2026-02-23 19:09:09;2026-01;2026-02;;2026-02;Consultoria - Condo;11;Fechamento;88;5;1284;Edf Chanel;org:chanel;organization_name;;Administradora Cond.;Criado manualmente;"IGOR,LDC - Laudo de disponibilidade de carga";IGOR;Sem motivo informado;;label_or_inference;LDC - Laudo de disponibilidade de carga;LDC - Laudo de disponibilidade de carga;true;false;equal_label_split;Katia Condominios;Laudos e consultoria condominial;false;0;false;0;39
1355;Edf Morada Rosarinho;won;6250;BRL;2026-01-20 04:51:42;2026-04-02 14:21:33;2026-02-13 17:59:45;2026-02-23 17:36:19;2026-02-23 17:36:19;2026-01;2026-02;;2026-02;Obras;14;Fechamento;116;6;965;Edf Morada Rosarinho;cnpj:11236467000151;cnpj;11236467000151;Pós-Venda base XPE;Criado manualmente;"IGOR,OBRA";IGOR;Sem motivo informado;;label_or_inference;OBRA;OBRA;true;false;equal_label_split;Bia Ishigami;Obras eletricas;true;2;true;2;35
1371;Edf Venâncio Barbosa negócio;won;10500;BRL;2026-01-26 16:56:25;2026-02-26 17:37:35;2026-02-13 00:01:33;2026-02-23 19:09:05;2026-02-23 19:09:05;2026-01;2026-02;;2026-02;Consultoria - Condo;11;Fechamento;88;5;1305;Edf Venâncio Barbosa;cnpj:28515470000107;cnpj;28515470000107;Administradora Cond.;Criado manualmente;"IGOR,LDC - Laudo de disponibilidade de carga";IGOR;Sem motivo informado;;label_or_inference;LDC - Laudo de disponibilidade de carga;LDC - Laudo de disponibilidade de carga;true;false;equal_label_split;Gessica Almeida;Laudos e consultoria condominial;false;0;false;0;28
1375;Edf. Augusto Lins e Silva negócio;won;6500;BRL;2026-01-27 12:54:31;2026-07-31 13:53:00;2026-02-19 15:22:10;2026-02-27 15:24:38;2026-02-27 15:24:38;2026-01;2026-02;;2026-02;Consultoria - Condo;11;Fechamento;88;5;1308;Edf. Augusto Lins e Silva;org:augusto lins e silva;organization_name;;Indicação de Cliente XPE;Criado manualmente;"GABRIEL,LDC - Laudo de disponibilidade de carga";GABRIEL;Sem motivo informado;;label_or_inference;LDC - Laudo de disponibilidade de carga;LDC - Laudo de disponibilidade de carga;true;false;equal_label_split;Otaviano Guedes;Laudos e consultoria condominial;false;0;false;0;31
1391;Edf Cidade do Recife;won;5500;BRL;2026-02-04 03:10:33;2026-02-27 13:29:16;2026-02-26 17:39:35;2026-02-27 13:29:16;2026-02-27 13:29:16;2026-02;2026-02;;2026-02;Consultoria - Condo;11;Fechamento;88;5;1318;Edf Cidade do Recife;org:cidade recife;organization_name;;Indicação de Cliente XPE;Criado manualmente;"IGOR,LDC - Laudo de disponibilidade de carga";IGOR;Sem motivo informado;;label_or_inference;LDC - Laudo de disponibilidade de carga;LDC - Laudo de disponibilidade de carga;true;false;equal_label_split;Renato;Laudos e consultoria condominial;false;0;false;0;23
1393;Edf Ébano;won;4000;BRL;2026-02-05 00:58:39;2026-02-24 19:36:36;2026-02-24 17:26:14;2026-02-24 19:36:36;2026-02-24 19:36:36;2026-02;2026-02;;2026-02;Consultoria - Condo;11;Fechamento;88;5;1320;Edf Ébano;org:ebano;organization_name;;Indicação Avulsa;Criado manualmente;"IGOR,LDC - Laudo de disponibilidade de carga";IGOR;Sem motivo informado;;label_or_inference;LDC - Laudo de disponibilidade de carga;LDC - Laudo de disponibilidade de carga;true;false;equal_label_split;Cleiton Cavalcanti;Laudos e consultoria condominial;false;0;false;0;20
1410;Edf Porto dos Corais;won;6500;BRL;2026-02-06 01:18:15;2026-02-10 20:39:03;;2026-02-10 20:39:03;2026-02-10 20:39:03;2026-02;2026-02;;2026-02;Consultoria - Condo;11;Fechamento;88;5;1208;Edf Porto dos Corais;cnpj:03034724000144;cnpj;03034724000144;Pós-Venda base XPE;Criado manualmente;"GABRIEL,LDC - Laudo de disponibilidade de carga";GABRIEL;Sem motivo informado;;label_or_inference;LDC - Laudo de disponibilidade de carga;LDC - Laudo de disponibilidade de carga;true;false;equal_label_split;Edrizio;Laudos e consultoria condominial;true;1;true;1;5
1420;Empório Muro Alto;won;4500;BRL;2026-02-10 20:38:57;2026-02-19 20:18:54;2026-02-11 21:16:04;2026-02-19 20:18:54;2026-02-19 20:18:54;2026-02;2026-02;;2026-02;Consultoria - Condo;11;Fechamento;88;5;1330;Empório Muro Alto;cnpj:28865747000121;cnpj;28865747000121;Indicação de Cliente XPE;Criado manualmente;"GABRIEL,LDC - Laudo de disponibilidade de carga";GABRIEL;Sem motivo informado;;label_or_inference;LDC - Laudo de disponibilidade de carga;LDC - Laudo de disponibilidade de carga;true;false;equal_label_split;Alexandre Leitão;Laudos e consultoria condominial;false;0;false;0;9
1423;Cond. Melo Barbosa;won;13500;BRL;2026-02-13 20:46:37;2026-07-31 13:52:08;;2026-02-26 00:42:51;2026-02-26 00:42:51;2026-02;2026-02;;2026-02;Obras;14;Fechamento;116;6;647;Cond. Melo Barbosa;cnpj:09316238000103;cnpj;09316238000103;Pós-Venda base XPE;Criado manualmente;"GABRIEL,OBRA";GABRIEL;Sem motivo informado;;label_or_inference;OBRA;OBRA;true;false;equal_label_split;Anderson Sindico;Obras eletricas;true;1;true;1;12
1444;Edf Villa Casa Forte;won;4500;BRL;2026-02-27 13:36:15;2026-02-27 13:37:04;2026-02-27 13:36:21;2026-02-27 13:37:04;2026-02-27 13:37:04;2026-02;2026-02;;2026-02;Obras;14;Fechamento;116;6;651;Edf Villa Casa Forte;org:villa casa forte;organization_name;;Pós-Venda base XPE;Criado manualmente;"IGOR,OBRA";IGOR;Sem motivo informado;;label_or_inference;OBRA;OBRA;true;false;equal_label_split;Anselmo;Obras eletricas;true;1;false;0;0
752;Negócio Cond. Hilson de Azevedo Mota;won;9000;BRL;2024-11-26 20:15:21;2026-03-27 18:12:11;2026-03-18 14:02:27;2026-03-27 18:12:11;2026-03-27 18:12:11;2024-11;2026-03;;2026-03;Consultoria - Condo;11;Fechamento;88;5;737;Cond. Hilson de Azevedo Mota;org:hilson azevedo mota;organization_name;;Indicação Avulsa;Criado manualmente;"GABRIEL,LDC - Laudo de disponibilidade de carga";GABRIEL;Sem motivo informado;;label_or_inference;LDC - Laudo de disponibilidade de carga;LDC - Laudo de disponibilidade de carga;true;false;equal_label_split;Aguinaldo Buarque;Laudos e consultoria condominial;false;0;false;0;486
1251;Edf Sitio Beira Rio;won;15000;BRL;2025-11-10 18:36:19;2026-03-12 03:34:14;2026-03-11 16:55:10;2026-03-12 03:34:14;2026-03-12 03:34:14;2025-11;2026-03;;2026-03;Consultoria - Condo;11;Fechamento;88;5;1241;Edf Sitio Beira Rio;org:sitio beira rio;organization_name;;Tráfego Pago;Criado manualmente;"IGOR,LIE - Laudo de Instalações Elétricas,LDC - Laudo de disponibilidade de carga";IGOR;Sem motivo informado;;label_or_inference;"LIE - Laudo de Instalações Elétricas,LDC - Laudo de disponibilidade de carga";LDC - Laudo de disponibilidade de carga;true;true;equal_label_split;Leonardo Sind;Laudos e consultoria condominial;false;0;false;0;121
1314;Edf Maria Leopoldina;won;12500;BRL;2025-12-10 15:27:11;2026-07-31 13:53:35;2026-03-16 21:50:21;2026-03-19 21:58:38;2026-03-19 21:58:38;2025-12;2026-03;;2026-03;Consultoria - Condo;11;Fechamento;88;5;1270;Edf Maria Leopoldina;cnpj:24566176000173;cnpj;24566176000173;Sind. Profissional Base;Criado manualmente;"GABRIEL,LIE - Laudo de Instalações Elétricas,LDC - Laudo de disponibilidade de carga,ICV - Inspeção de carregador veicular";GABRIEL;Sem motivo informado;;label_or_inference;"LIE - Laudo de Instalações Elétricas,LDC - Laudo de disponibilidade de carga,ICV - Inspeção de carregador veicular";LDC - Laudo de disponibilidade de carga;true;true;equal_label_split;Fernanda Souza Sind. Profissional;Laudos e consultoria condominial;false;0;false;0;99
1319;Edificio Belize;won;10000;BRL;2025-12-17 14:44:24;2026-07-31 22:53:08;2026-03-18 17:37:04;2026-03-25 00:33:18;2026-03-25 00:33:18;2025-12;2026-03;;2026-03;Consultoria - Condo;11;Fechamento;88;5;1274;Edificio Belize;cnpj:01813580000107;cnpj;01813580000107;Indicação Avulsa;Criado manualmente;"GABRIEL,LIE - Laudo de Instalações Elétricas,LDC - Laudo de disponibilidade de carga";GABRIEL;Sem motivo informado;;label_or_inference;"LIE - Laudo de Instalações Elétricas,LDC - Laudo de disponibilidade de carga";LDC - Laudo de disponibilidade de carga;true;true;equal_label_split;Victor Rodrigo;Laudos e consultoria condominial;false;0;false;0;97
1331;Edf Terra Brasilis;won;1400;BRL;2026-01-14 13:42:53;2026-07-31 13:53:11;2026-02-05 17:23:03;2026-03-18 21:58:17;2026-03-18 21:58:17;2026-01;2026-03;;2026-03;Obras;14;Fechamento;116;6;1078;Edf Terra Brasilis;cnpj:04239390000108;cnpj;04239390000108;Pós-Venda base XPE;Criado manualmente;"GABRIEL,ICV - Inspeção de carregador veicular";GABRIEL;Sem motivo informado;;label_or_inference;ICV - Inspeção de carregador veicular;ICV - Inspeção de carregador veicular;true;false;equal_label_split;Fernanda síndica;Obras eletricas;true;3;true;3;63
1335;Edf Morada Ilha Verde;won;5000;BRL;2026-01-15 17:04:49;2026-03-05 13:37:47;2026-02-27 13:35:31;2026-03-05 13:37:47;2026-03-05 13:37:47;2026-01;2026-03;;2026-03;Consultoria - Condo;11;Fechamento;88;5;1065;Edf Morada Ilha Verde;cnpj:24565913000113;cnpj;24565913000113;Pós-Venda base XPE;Criado manualmente;"IGOR,PIE - Projeto infra.  Eletrocalha e Emergência";IGOR;Sem motivo informado;;label_or_inference;PIE - Projeto infra.  Eletrocalha e Emergência;PIE - Projeto infra.  Eletrocalha e Emergência;true;false;equal_label_split;Romildo;Laudos e consultoria condominial;true;1;true;1;49
1345;Edifício Lucilo Maranhão;won;7500;BRL;2026-01-16 14:10:32;2026-03-17 18:02:43;2026-03-11 17:13:06;2026-03-17 18:01:49;2026-03-17 18:01:49;2026-01;2026-03;;2026-03;Consultoria - Condo;11;Fechamento;88;5;1290;Condominio do Edificio Lucilo Maranhao;cnpj:17570372000156;cnpj;17570372000156;Tráfego Pago;Criado manualmente;"GABRIEL,LDC - Laudo de disponibilidade de carga";GABRIEL;Sem motivo informado;;label_or_inference;LDC - Laudo de disponibilidade de carga;LDC - Laudo de disponibilidade de carga;true;false;equal_label_split;Andréa Karla;Laudos e consultoria condominial;false;0;false;0;60
1352;Quinta Tereza Beltrão;won;17800;BRL;2026-01-19 20:12:23;2026-07-31 13:51:58;2026-03-17 18:43:59;2026-03-18 21:31:54;2026-03-18 21:31:54;2026-01;2026-03;;2026-03;Obras;14;Fechamento;116;6;1252;Edf Quinta Tereza Beltrão;cnpj:15066354000106;cnpj;15066354000106;Pós-Venda base XPE;Criado manualmente;"GABRIEL,OBRA";GABRIEL;Sem motivo informado;;label_or_inference;OBRA;OBRA;true;false;equal_label_split;Fernanda Souza Sind. Profissional;Obras eletricas;true;1;true;1;58
1425;Edf Nazaré;won;4000;BRL;2026-02-20 12:39:39;2026-03-10 23:25:24;2026-03-05 17:52:18;2026-03-10 23:25:24;2026-03-10 23:25:24;2026-02;2026-03;;2026-03;Consultoria - Condo;11;Fechamento;88;5;1334;Edf Nazaré;org:nazare;organization_name;;Tráfego Pago;Criado manualmente;"GABRIEL,LIE - Laudo de Instalações Elétricas,LGR - Laudo de Gerenciamento de Risco";GABRIEL;Sem motivo informado;;label_or_inference;"LIE - Laudo de Instalações Elétricas,LGR - Laudo de Gerenciamento de Risco";LIE - Laudo de Instalações Elétricas;true;true;equal_label_split;Jurandir Araujo;Laudos e consultoria condominial;false;0;false;0;18
1426;Edf Jardim das Orquídeas;won;10000;BRL;2026-02-20 12:59:48;2026-04-02 15:03:00;2026-03-12 20:24:34;2026-03-18 14:02:21;2026-03-18 14:02:21;2026-02;2026-03;;2026-03;Consultoria - Condo;11;Fechamento;88;5;1335;Edf Jardim das Orquídeas;cnpj:41056052000167;cnpj;41056052000167;Indicação Avulsa;Criado manualmente;"GABRIEL,LDC - Laudo de disponibilidade de carga";GABRIEL;Sem motivo informado;;label_or_inference;LDC - Laudo de disponibilidade de carga;LDC - Laudo de disponibilidade de carga;true;false;equal_label_split;André Bandeira;Laudos e consultoria condominial;false;0;false;0;26
1429;Edf Costa Atlântica  negócio;won;7000;BRL;2026-02-23 14:20:13;2026-03-24 17:13:29;2026-03-19 19:12:11;2026-03-24 17:13:29;2026-03-24 17:13:29;2026-02;2026-03;;2026-03;Consultoria - Condo;11;Fechamento;88;5;1337;Condominio do Edificio Costa Atlantica;cnpj:07004921000171;cnpj;07004921000171;Sind. Profissional Base;Criado manualmente;"GABRIEL,LDC - Laudo de disponibilidade de carga";GABRIEL;Sem motivo informado;;label_or_inference;LDC - Laudo de disponibilidade de carga;LDC - Laudo de disponibilidade de carga;true;false;equal_label_split;Fernanda Souza Sind. Profissional;Laudos e consultoria condominial;false;0;false;0;29
1432;Edf Jardins do Rosarinho;won;6750;BRL;2026-02-24 14:11:06;2026-06-05 03:04:30;2026-06-05 03:04:30;2026-04-01 02:44:16;2026-04-01 02:44:16;2026-02;2026-03;;2026-03;Consultoria - Condo;11;Fechamento;88;5;1340;Edf Jardins do Rosarinho;cnpj:05369168000192;cnpj;05369168000192;Tráfego Pago;Criado manualmente;"IGOR,PROJETOS";IGOR;Sem motivo informado;;label_or_inference;PROJETOS;PROJETOS;true;false;equal_label_split;Rogério;Laudos e consultoria condominial;false;0;false;0;36
1435;Edf Rita de Cássia negócio;won;6000;BRL;2026-02-25 11:24:28;2026-03-24 18:10:16;2026-03-20 17:28:56;2026-03-24 18:10:16;2026-03-24 18:10:16;2026-02;2026-03;;2026-03;Consultoria - Condo;11;Fechamento;88;5;1342;Edf Rita de Cássia;cnpj:09436510000180;cnpj;09436510000180;Tráfego Pago;Criado manualmente;"IGOR,LDC - Laudo de disponibilidade de carga,PIE - Projeto infra.  Eletrocalha e Emergência";IGOR;Sem motivo informado;;label_or_inference;"LDC - Laudo de disponibilidade de carga,PIE - Projeto infra.  Eletrocalha e Emergência";PIE - Projeto infra.  Eletrocalha e Emergência;true;true;equal_label_split;Alexandre Machado filho;Laudos e consultoria condominial;false;0;false;0;27
1436;Edf Reserva do Poço;won;83500;BRL;2026-02-25 14:24:53;2026-03-09 19:28:09;2026-02-25 14:25:05;2026-03-09 19:28:09;2026-03-09 19:28:09;2026-02;2026-03;;2026-03;Obras;14;Fechamento;116;6;1176;Edf Reserva do Poço;cnpj:11419309000137;cnpj;11419309000137;Pós-Venda base XPE;Criado manualmente;"IGOR,OBRA";IGOR;Sem motivo informado;;label_or_inference;OBRA;OBRA;true;false;equal_label_split;Mayra;Obras eletricas;true;4;true;4;12
1443;Edf Reserva do Poço;won;8500;BRL;2026-02-27 13:35:10;2026-03-09 19:27:41;2026-02-27 13:35:17;2026-03-09 19:27:41;2026-03-09 19:27:41;2026-02;2026-03;;2026-03;Consultoria - Condo;11;Fechamento;88;5;1176;Edf Reserva do Poço;cnpj:11419309000137;cnpj;11419309000137;Pós-Venda base XPE;Criado manualmente;"IGOR,PROJETOS,PIE - Projeto infra.  Eletrocalha e Emergência";IGOR;Sem motivo informado;;label_or_inference;"PROJETOS,PIE - Projeto infra.  Eletrocalha e Emergência";PIE - Projeto infra.  Eletrocalha e Emergência;true;true;equal_label_split;Mayra;Laudos e consultoria condominial;true;3;true;3;10
1459;Edf Morada Apipucos;won;4500;BRL;2026-03-04 14:31:43;2026-03-09 19:27:32;2026-03-05 13:40:35;2026-03-09 19:27:32;2026-03-09 19:27:32;2026-03;2026-03;;2026-03;Consultoria - Condo;11;Fechamento;88;5;1356;Edf Morada Apipucos;org:morada apipucos;organization_name;;Sind. Profissional Base;Criado manualmente;"IGOR,LDC - Laudo de disponibilidade de carga";IGOR;Sem motivo informado;;label_or_inference;LDC - Laudo de disponibilidade de carga;LDC - Laudo de disponibilidade de carga;true;false;equal_label_split;Luciano Ramos;Laudos e consultoria condominial;false;0;false;0;5
1461;Edifício Fernando Perez negócio;won;4000;BRL;2026-03-04 20:03:03;2026-03-18 22:20:26;2026-03-17 13:33:12;2026-03-18 22:20:26;2026-03-18 22:20:26;2026-03;2026-03;;2026-03;Consultoria - Condo;11;Fechamento;88;5;1358;Edifício Fernando Perez;cnpj:69904753000128;cnpj;69904753000128;Parceiro Comercial;Criado manualmente;"GABRIEL,LIE - Laudo de Instalações Elétricas";GABRIEL;Sem motivo informado;;label_or_inference;LIE - Laudo de Instalações Elétricas;LIE - Laudo de Instalações Elétricas;true;false;equal_label_split;Carlos Trindade;Laudos e consultoria condominial;false;0;false;0;14
1514;Edf Sobrado do Capibaribe;won;5000;BRL;2026-03-25 03:56:40;2026-07-03 15:08:39;2026-03-25 03:56:50;2026-03-25 03:57:19;2026-03-25 03:57:19;2026-03;2026-03;;2026-03;Consultoria - Condo;11;Negociação;87;4;1100;Edf Sobrado do Capibaribe;cnpj:35466861000144;cnpj;35466861000144;Pós-Venda base XPE;Criado manualmente;"IGOR,PROJETOS";IGOR;Sem motivo informado;;label_or_inference;PROJETOS;PROJETOS;true;false;equal_label_split;Luciano;Laudos e consultoria condominial;true;1;true;1;0
1532;Edf Hilson Macedo;won;5000;BRL;2026-04-01 02:47:38;2026-04-01 02:48:14;2026-04-01 02:47:44;2026-04-01 02:48:14;2026-04-01 02:48:14;2026-03;2026-03;;2026-03;Consultoria - Condo;11;Fechamento;88;5;1405;Edf Hilson Macedo;org:hilson macedo;organization_name;;Pós-Venda base XPE;Criado manualmente;"IGOR,PIE - Projeto infra.  Eletrocalha e Emergência";IGOR;Sem motivo informado;;label_or_inference;PIE - Projeto infra.  Eletrocalha e Emergência;PIE - Projeto infra.  Eletrocalha e Emergência;true;false;equal_label_split;Silvania;Laudos e consultoria condominial;false;0;false;0;0
1119;Negócio Edf Maria Ines;won;7000;BRL;2025-08-05 12:34:55;2026-04-10 21:22:13;2026-04-01 23:24:05;2026-04-10 21:22:13;2026-04-10 21:22:13;2025-08;2026-04;;2026-04;Consultoria - Condo;11;Fechamento;88;5;1116;Condominio do Edificio Maria Ines;cnpj:08374012000198;cnpj;08374012000198;Tráfego Pago;Criado manualmente;"GABRIEL,LIE - Laudo de Instalações Elétricas";GABRIEL;Sem motivo informado;;label_or_inference;LIE - Laudo de Instalações Elétricas;LIE - Laudo de Instalações Elétricas;true;false;equal_label_split;Telma Rejane;Laudos e consultoria condominial;false;0;false;0;248
1245;Edf Ilha de Millos;won;6700;BRL;2025-11-05 17:27:27;2026-04-17 18:24:53;2026-04-16 18:25:12;2026-04-17 18:24:53;2026-04-17 18:24:53;2025-11;2026-04;;2026-04;Consultoria - Condo;11;Fechamento;88;5;1236;Edf Ilha de Millos;org:ilha millos;organization_name;;Tráfego Pago;Criado manualmente;"GABRIEL,LIE - Laudo de Instalações Elétricas";GABRIEL;Sem motivo informado;;label_or_inference;LIE - Laudo de Instalações Elétricas;LIE - Laudo de Instalações Elétricas;true;false;equal_label_split;Edmar Leal Sind.Profissional;Laudos e consultoria condominial;false;0;false;0;163
1334;Enseada do Mar;won;6500;BRL;2026-01-15 13:28:10;2026-06-25 21:22:22;2026-02-25 17:58:21;2026-04-08 13:45:29;2026-04-08 13:45:29;2026-01;2026-04;;2026-04;Obras;14;Fechamento;116;6;13;Enseada do Mar;cnpj:14006221000181;cnpj;14006221000181;Pós-Venda base XPE;Criado manualmente;"GABRIEL,OBRA";GABRIEL;Sem motivo informado;;label_or_inference;OBRA;OBRA;true;false;equal_label_split;pericles sindico;Obras eletricas;true;3;true;3;83
1374;Edf Domus Prof Mario Pessoa negócio;won;6500;BRL;2026-01-27 12:45:10;2026-07-31 13:54:00;2026-04-08 13:40:15;2026-04-13 17:31:00;2026-04-13 17:31:00;2026-01;2026-04;;2026-04;Consultoria - Condo;11;Fechamento;88;5;1307;Edf Domus Prof Mario Pessoa;org:domus prof mario pessoa;organization_name;;Indicação de Cliente XPE;Criado manualmente;"GABRIEL,LDC - Laudo de disponibilidade de carga";GABRIEL;Sem motivo informado;;label_or_inference;LDC - Laudo de disponibilidade de carga;LDC - Laudo de disponibilidade de carga;true;false;equal_label_split;Otaviano Guedes;Laudos e consultoria condominial;false;0;false;0;76
1418;Edf. Villa Pasárgada;won;10000;BRL;2026-02-10 14:09:22;2026-04-17 17:55:34;2026-03-18 15:14:37;2026-04-17 17:55:34;2026-04-17 17:55:34;2026-02;2026-04;;2026-04;Consultoria - Condo;11;Fechamento;88;5;1328;Edf. Villa Pasárgada;org:villa pasargada;organization_name;;Sind. Profissional Base;Criado manualmente;"GABRIEL,LIE - Laudo de Instalações Elétricas,LDC - Laudo de disponibilidade de carga";GABRIEL;Sem motivo informado;;label_or_inference;"LIE - Laudo de Instalações Elétricas,LDC - Laudo de disponibilidade de carga";LDC - Laudo de disponibilidade de carga;true;true;equal_label_split;Nathally carneiro Sind. Profissional;Laudos e consultoria condominial;false;0;false;0;66
1427;Condomínio Jardins da Ilha;won;18000;BRL;2026-02-20 13:32:48;2026-04-30 20:10:21;2026-04-24 17:55:12;2026-04-30 20:10:21;2026-04-30 20:10:21;2026-02;2026-04;;2026-04;Consultoria - Condo;11;Fechamento;88;5;1336;Condomínio Jardins da Ilha;org:jardins ilha;organization_name;;Tráfego Pago;Criado manualmente;"GABRIEL,LDC - Laudo de disponibilidade de carga";GABRIEL;Sem motivo informado;;label_or_inference;LDC - Laudo de disponibilidade de carga;LDC - Laudo de disponibilidade de carga;true;false;equal_label_split;Luiz Prado;Laudos e consultoria condominial;false;0;false;0;69
1446;Cond Saint Eduardo;won;4200;BRL;2026-02-27 15:35:01;2026-07-31 13:51:39;;2026-04-16 21:15:16;2026-04-16 21:15:16;2026-02;2026-04;;2026-04;Consultoria - Condo;11;Fechamento;88;5;416;Cond Saint Eduardo;cnpj:20635205000150;cnpj;20635205000150;Pós-Venda base XPE;Criado manualmente;"GABRIEL,ICV - Inspeção de carregador veicular";GABRIEL;Sem motivo informado;;label_or_inference;ICV - Inspeção de carregador veicular;ICV - Inspeção de carregador veicular;true;false;equal_label_split;Max Sindico;Laudos e consultoria condominial;true;1;true;1;48
1464;Edf Jardins das Acácias;won;10000;BRL;2026-03-05 11:11:11;2026-04-26 19:08:54;2026-04-17 13:17:12;2026-04-26 19:08:54;2026-04-26 19:08:54;2026-03;2026-04;;2026-04;Consultoria - Condo;11;Fechamento;88;5;1361;Edf Jardins das Acácias;org:jardins acacias;organization_name;;Indicação de Cliente XPE;Criado manualmente;"IGOR,LDC - Laudo de disponibilidade de carga";IGOR;Sem motivo informado;;label_or_inference;LDC - Laudo de disponibilidade de carga;LDC - Laudo de disponibilidade de carga;true;false;equal_label_split;Sergio Ataíde;Laudos e consultoria condominial;false;0;false;0;52
1474;Edifício Ana Cristina;won;2700;BRL;2026-03-09 22:36:28;2026-04-30 21:43:31;2026-04-30 20:10:38;2026-04-30 21:43:31;2026-04-30 21:43:31;2026-03;2026-04;;2026-04;Consultoria - Condo;11;Fechamento;88;5;1368;Edifício Ana Cristina;cnpj:41231010000115;cnpj;41231010000115;Tráfego Pago;Criado manualmente;"GABRIEL,LIE - Laudo de Instalações Elétricas,LGR - Laudo de Gerenciamento de Risco";GABRIEL;Sem motivo informado;;label_or_inference;"LIE - Laudo de Instalações Elétricas,LGR - Laudo de Gerenciamento de Risco";LIE - Laudo de Instalações Elétricas;true;true;equal_label_split;Leandro Souto;Laudos e consultoria condominial;false;0;false;0;52
1522;Condomínio Carmen Costa;won;7000;BRL;2026-03-26 21:37:35;2026-04-17 22:44:22;2026-04-17 17:58:05;2026-04-17 22:44:18;2026-04-17 22:44:18;2026-03;2026-04;;2026-04;Consultoria - Condo;11;Fechamento;88;5;1398;Condomínio Carmen Costa;org:carmen costa;organization_name;;Sucesso do Cliente;Criado manualmente;"GABRIEL,LDC - Laudo de disponibilidade de carga";GABRIEL;Sem motivo informado;;label_or_inference;LDC - Laudo de disponibilidade de carga;LDC - Laudo de disponibilidade de carga;true;false;equal_label_split;Jairo Acioli;Laudos e consultoria condominial;false;0;false;0;22
1561;Edifício Lá Maison;won;6500;BRL;2026-04-12 17:17:46;2026-04-26 19:09:07;2026-04-24 13:21:44;2026-04-26 19:09:07;2026-04-26 19:09:07;2026-04;2026-04;;2026-04;Consultoria - Condo;11;Fechamento;88;5;1431;Edifício Lá Maison;org:la maison;organization_name;;Tráfego Pago;API;"IGOR,LDC - Laudo de disponibilidade de carga";IGOR;Sem motivo informado;;label_or_inference;LDC - Laudo de disponibilidade de carga;LDC - Laudo de disponibilidade de carga;true;false;equal_label_split;Vinícius Carmo;Laudos e consultoria condominial;false;0;false;0;14
1579;Edf Sagarana;won;12000;BRL;2026-04-16 19:53:57;2026-04-26 19:08:58;2026-04-17 13:15:39;2026-04-26 19:08:58;2026-04-26 19:08:58;2026-04;2026-04;;2026-04;Consultoria - Condo;11;Fechamento;88;5;1448;Edf Sagarana;org:sagarana;organization_name;;Administradora Cond.;Criado manualmente;"IGOR,LIE - Laudo de Instalações Elétricas,LDC - Laudo de disponibilidade de carga";IGOR;Sem motivo informado;;label_or_inference;"LIE - Laudo de Instalações Elétricas,LDC - Laudo de disponibilidade de carga";LDC - Laudo de disponibilidade de carga;true;true;equal_label_split;Katia Condominios;Laudos e consultoria condominial;false;0;false;0;10
1601;Edf Turmalina;won;8000;BRL;2026-04-23 20:54:53;2026-07-03 15:08:52;2026-04-23 20:54:59;2026-04-26 19:16:28;2026-04-26 19:16:28;2026-04;2026-04;;2026-04;Consultoria - Condo;11;Fechamento;88;5;1046;Edf Turmalina;cnpj:04113342000179;cnpj;04113342000179;Pós-Venda base XPE;Criado manualmente;"IGOR,PROJETOS";IGOR;Sem motivo informado;;label_or_inference;PROJETOS;PROJETOS;true;false;equal_label_split;Ivan Garcia;Laudos e consultoria condominial;true;1;true;1;3
1609;Edf Madalena Colonial;won;45000;BRL;2026-04-26 19:18:40;2026-07-03 01:46:56;2026-04-26 19:18:49;2026-04-26 19:19:02;2026-04-26 19:19:02;2026-04;2026-04;;2026-04;Obras;14;Negociações Iniciadas;105;5;1175;Edf Madalena Colonial;cnpj:10383770000114;cnpj;10383770000114;Pós-Venda base XPE;Criado manualmente;"IGOR,OBRA";IGOR;Sem motivo informado;;label_or_inference;OBRA;OBRA;true;false;equal_label_split;João Neto;Obras eletricas;true;1;true;1;0
1617;Edf Miriam Dubeux;won;5500;BRL;2026-04-29 12:35:16;2026-04-30 12:12:07;2026-04-30 12:11:24;2026-04-30 12:12:07;2026-04-30 12:12:07;2026-04;2026-04;;2026-04;Consultoria - Condo;11;Fechamento;88;5;1482;Edf Miriam Dubeux;org:miriam dubeux;organization_name;;Sind. Profissional Base;Criado manualmente;"IGOR,LDC - Laudo de disponibilidade de carga";IGOR;Sem motivo informado;;label_or_inference;LDC - Laudo de disponibilidade de carga;LDC - Laudo de disponibilidade de carga;true;false;equal_label_split;Anselmo;Laudos e consultoria condominial;false;0;false;0;1
946;Negócio Edf Santorini;won;13000;BRL;2025-03-17 22:45:47;2026-05-21 19:42:04;2025-04-09 21:59:35;2026-05-21 19:42:04;2026-05-21 19:42:04;2025-03;2026-05;;2026-05;Consultoria - Condo;11;Negociação;87;4;937;Edf Santorini;org:santorini;organization_name;;Redrive;Criado manualmente;"IGOR,LIE - Laudo de Instalações Elétricas,LDC - Laudo de disponibilidade de carga,PRÉ-VENDA";IGOR;Sem motivo informado;;label_or_inference;"LIE - Laudo de Instalações Elétricas,LDC - Laudo de disponibilidade de carga";LDC - Laudo de disponibilidade de carga;true;true;equal_label_split;Liliane;Laudos e consultoria condominial;false;0;false;0;430
1163;Negócio Edf Palácio de Queluz;won;12500;BRL;2025-09-05 18:59:36;2026-07-03 01:48:11;2026-06-30 14:10:16;2026-05-29 03:00:00;2026-05-29 03:00:00;2025-09;2026-05;;2026-05;Consultoria - Condo;11;Fechamento;88;5;1158;Edf Palácio de Queluz;org:palacio queluz;organization_name;;Administradora Cond.;Criado manualmente;"GABRIEL,LIE - Laudo de Instalações Elétricas,LDC - Laudo de disponibilidade de carga";GABRIEL;Sem motivo informado;;label_or_inference;"LIE - Laudo de Instalações Elétricas,LDC - Laudo de disponibilidade de carga";LDC - Laudo de disponibilidade de carga;true;true;equal_label_split;André Sind. Queluz;Laudos e consultoria condominial;false;0;false;0;265
1382;Edf Alameda dos Flamboyants negócio;won;8800;BRL;2026-01-28 01:21:50;2026-05-22 18:35:34;2026-04-24 13:22:43;2026-05-22 18:35:34;2026-05-22 18:35:34;2026-01;2026-05;;2026-05;Consultoria - Condo;11;Fechamento;88;5;1311;Edf Alameda dos Flamboyants;cnpj:06067213000117;cnpj;06067213000117;Tráfego Pago;Criado manualmente;"IGOR,LDC - Laudo de disponibilidade de carga";IGOR;Sem motivo informado;;label_or_inference;LDC - Laudo de disponibilidade de carga;LDC - Laudo de disponibilidade de carga;true;false;equal_label_split;Antonio Augustinho;Laudos e consultoria condominial;false;0;false;0;115
1473;condomínio Saint Sebastien;won;8500;BRL;2026-03-09 22:28:22;2026-05-21 19:33:55;2026-04-29 18:49:53;2026-05-21 19:33:55;2026-05-21 19:33:55;2026-03;2026-05;;2026-05;Consultoria - Condo;11;Fechamento;88;5;1367;condomínio Saint Sebastien;org:saint sebastien;organization_name;;;Criado manualmente;"IGOR,LDC - Laudo de disponibilidade de carga";IGOR;Sem motivo informado;;label_or_inference;LDC - Laudo de disponibilidade de carga;LDC - Laudo de disponibilidade de carga;true;false;equal_label_split;Marcelo Cassimiro;Laudos e consultoria condominial;false;0;false;0;73
1490;Edifício União;won;10000;BRL;2026-03-18 22:15:17;2026-05-28 19:01:58;2026-05-22 22:12:06;2026-05-28 19:01:58;2026-05-28 19:01:58;2026-03;2026-05;;2026-05;Consultoria - Condo;11;Fechamento;88;5;1380;Edifício União;org:uniao;organization_name;;Tráfego Pago;Criado manualmente;"IGOR,PROJETOS";IGOR;Sem motivo informado;;label_or_inference;PROJETOS;PROJETOS;true;false;equal_label_split;Alexandre Ramos;Laudos e consultoria condominial;false;0;false;0;71
1544;Edf. Príncipe de Navarra;won;6000;BRL;2026-04-09 23:15:54;2026-05-22 17:02:10;2026-05-06 23:13:39;2026-05-22 17:02:10;2026-05-22 17:02:10;2026-04;2026-05;;2026-05;Consultoria - Condo;11;Fechamento;88;5;1415;Edf. Príncipe de Navarra;cnpj:41231101000150;cnpj;41231101000150;Administradora Cond.;Criado manualmente;"GABRIEL,LDC - Laudo de disponibilidade de carga,ICV - Inspeção de carregador veicular";GABRIEL;Sem motivo informado;;label_or_inference;"LDC - Laudo de disponibilidade de carga,ICV - Inspeção de carregador veicular";LDC - Laudo de disponibilidade de carga;true;true;equal_label_split;Travassos;Laudos e consultoria condominial;false;0;false;0;43
1563;EDF VILLA CLÁUDIA;won;5000;BRL;2026-04-14 16:51:44;2026-05-21 20:46:56;2026-05-21 20:46:53;2026-05-21 20:46:56;2026-05-21 20:46:56;2026-04;2026-05;;2026-05;Consultoria - Condo;11;Fechamento;88;5;1433;EDF VILLA CLÁUDIA;cnpj:41238072000159;cnpj;41238072000159;Sind. Profissional Base;Criado manualmente;"IGOR,LIE - Laudo de Instalações Elétricas";IGOR;Sem motivo informado;;label_or_inference;LIE - Laudo de Instalações Elétricas;LIE - Laudo de Instalações Elétricas;true;false;equal_label_split;Luciano Ramos;Laudos e consultoria condominial;false;0;false;0;37
1566;EDIFICIOS MARIA JULIA E MARIA DA GRACA;won;19500;BRL;2026-04-14 22:03:52;2026-05-29 18:35:09;2026-05-28 13:00:55;2026-05-29 18:35:09;2026-05-29 18:35:09;2026-04;2026-05;;2026-05;Consultoria - Condo;11;Fechamento;88;5;1436;EDIFICIOS MARIA JULIA E MARIA DA GRACA;cnpj:10262128000187;cnpj;10262128000187;Administradora Cond.;Criado manualmente;"GABRIEL,LIE - Laudo de Instalações Elétricas,LCC - Laudo Carregador Coletivo,PIE - Projeto infra.  Eletrocalha e Emergência";GABRIEL;Sem motivo informado;;label_or_inference;"LIE - Laudo de Instalações Elétricas,LCC - Laudo Carregador Coletivo,PIE - Projeto infra.  Eletrocalha e Emergência";PIE - Projeto infra.  Eletrocalha e Emergência;true;true;equal_label_split;Emmanel Precisa;Laudos e consultoria condominial;false;0;false;0;45
1600;Jardim do Mar;won;14000;BRL;2026-04-22 13:06:31;2026-05-29 18:35:06;2026-05-27 19:26:13;2026-05-29 18:35:06;2026-05-29 18:35:06;2026-04;2026-05;;2026-05;Consultoria - Condo;11;Fechamento;88;5;1468;Jardim do Mar;org:jardim mar;organization_name;;Tráfego Pago;API;"GABRIEL,LDC - Laudo de disponibilidade de carga,ICV - Inspeção de carregador veicular";GABRIEL;Sem motivo informado;;label_or_inference;"LDC - Laudo de disponibilidade de carga,ICV - Inspeção de carregador veicular";LDC - Laudo de disponibilidade de carga;true;true;equal_label_split;Adilson Souza;Laudos e consultoria condominial;false;0;false;0;37
1620;Edf Cidade do Recife;won;5000;BRL;2026-04-29 18:52:49;2026-05-18 14:53:00;2026-04-29 18:52:56;2026-05-18 14:53:00;2026-05-18 14:53:00;2026-04;2026-05;;2026-05;Consultoria - Condo;11;Fechamento;88;5;1318;Edf Cidade do Recife;org:cidade recife;organization_name;;Pós-Venda base XPE;Criado manualmente;"IGOR,PROJETOS";IGOR;Sem motivo informado;;label_or_inference;PROJETOS;PROJETOS;true;false;equal_label_split;Renato;Laudos e consultoria condominial;true;1;false;0;19
1643;EMPRESARIAL. CASA FORTE;won;9000;BRL;2026-05-05 12:17:29;2026-05-22 18:35:26;2026-05-21 20:49:05;2026-05-22 18:35:26;2026-05-22 18:35:26;2026-05;2026-05;;2026-05;Consultoria - Condo;11;Fechamento;88;5;1505;EMPRESARIAL. CASA FORTE;org:casa forte;organization_name;;Tráfego Pago;API;"IGOR,LDC - Laudo de disponibilidade de carga";IGOR;Sem motivo informado;;label_or_inference;LDC - Laudo de disponibilidade de carga;LDC - Laudo de disponibilidade de carga;true;false;equal_label_split;Caio;Laudos e consultoria condominial;false;0;false;0;17
1663;Edf TAMARINEIRA PRINCE VANGARD;won;8500;BRL;2026-05-12 17:26:09;2026-05-21 19:33:27;2026-05-18 13:23:48;2026-05-21 19:33:27;2026-05-21 19:33:27;2026-05;2026-05;;2026-05;Consultoria - Condo;11;Fechamento;88;5;1523;Edf TAMARINEIRA PRINCE VANGARD;org:tamarineira prince vangard;organization_name;;Sind. Profissional Base;Criado manualmente;"IGOR,LDC - Laudo de disponibilidade de carga";IGOR;Sem motivo informado;;label_or_inference;LDC - Laudo de disponibilidade de carga;LDC - Laudo de disponibilidade de carga;true;false;equal_label_split;Anselmo Pereira;Laudos e consultoria condominial;false;0;false;0;9
1666;Rotterdam negócio;won;5000;BRL;2026-05-13 18:28:35;2026-07-03 01:48:41;2026-05-15 20:09:03;2026-05-20 13:52:32;2026-05-20 13:52:32;2026-05;2026-05;;2026-05;Consultoria - Condo;11;Fechamento;88;5;1526;Rotterdam;org:rotterdam;organization_name;;Administradora Cond.;Criado manualmente;"GABRIEL,PROJETOS";GABRIEL;Sem motivo informado;;label_or_inference;PROJETOS;PROJETOS;true;false;equal_label_split;Ivan Almeida;Laudos e consultoria condominial;false;0;false;0;7
1672;Condominio do Edificio Lucilo Maranhao;won;6000;BRL;2026-05-15 17:56:46;2026-07-31 13:51:29;;2026-05-22 16:57:07;2026-05-22 16:57:07;2026-05;2026-05;;2026-05;Consultoria - Condo;11;Fechamento;88;5;1290;Condominio do Edificio Lucilo Maranhao;cnpj:17570372000156;cnpj;17570372000156;Pós-Venda base XPE;Criado manualmente;"GABRIEL,JONILDO,PIE - Projeto infra.  Eletrocalha e Emergência";GABRIEL;Sem motivo informado;;label_or_inference;PIE - Projeto infra.  Eletrocalha e Emergência;PIE - Projeto infra.  Eletrocalha e Emergência;true;false;equal_label_split;Andréa Karla;Laudos e consultoria condominial;true;1;true;1;7
1219;Edf FICUS negócio;won;17250;BRL;2025-10-15 00:23:20;2026-07-31 13:50:52;2026-06-24 19:00:14;2026-06-17 03:00:00;2026-06-17 03:00:00;2025-10;2026-06;;2026-06;Obras;14;Fechamento;116;6;1089;Edf FICUS;cnpj:41089830000114;cnpj;41089830000114;Pós-Venda base XPE;Criado manualmente;"GABRIEL,OBRA";GABRIEL;Sem motivo informado;;label_or_inference;OBRA;OBRA;true;false;equal_label_split;Marcelo Sind.Ficus;Obras eletricas;true;2;true;2;245
1433;Ed Jardins de Boa Viagem;won;13000;BRL;2026-02-24 14:39:24;2026-07-02 20:46:54;2026-07-01 18:47:33;2026-06-30 03:00:00;2026-06-30 03:00:00;2026-02;2026-06;;2026-06;Consultoria - Condo;11;Fechamento;88;5;1341;Ed Jardins de Boa Viagem;cnpj:05369156000168;cnpj;05369156000168;Tráfego Pago;Criado manualmente;"GABRIEL,LIE - Laudo de Instalações Elétricas,LDC - Laudo de disponibilidade de carga";GABRIEL;Sem motivo informado;;label_or_inference;"LIE - Laudo de Instalações Elétricas,LDC - Laudo de disponibilidade de carga";LDC - Laudo de disponibilidade de carga;true;true;equal_label_split;Hubert Filho;Laudos e consultoria condominial;false;0;false;0;126
1507;Cond. The Plaza;won;2700;BRL;2026-03-24 18:36:25;2026-07-31 13:51:12;2026-06-11 18:44:31;2026-06-15 16:42:16;2026-06-15 16:42:16;2026-03;2026-06;;2026-06;Consultoria - Condo;11;Fechamento;88;5;668;Cond. The Plaza;cnpj:03521109000162;cnpj;03521109000162;Pós-Venda base XPE;Criado manualmente;"GABRIEL,LDC - Laudo de disponibilidade de carga";GABRIEL;Sem motivo informado;;label_or_inference;LDC - Laudo de disponibilidade de carga;LDC - Laudo de disponibilidade de carga;true;false;equal_label_split;Sr. Fernando;Laudos e consultoria condominial;true;1;true;1;83
1512;Edf Rio Siriji;won;24000;BRL;2026-03-24 22:01:09;2026-07-03 15:08:05;2026-06-02 11:34:16;2026-06-26 11:44:28;2026-06-26 11:44:28;2026-03;2026-06;;2026-06;Obras;14;Fechamento;116;6;1237;Edf Rio Siriji;cnpj:00942145000101;cnpj;00942145000101;Pós-Venda base XPE;Criado manualmente;"IGOR,OBRA";IGOR;Sem motivo informado;;label_or_inference;OBRA;OBRA;true;false;equal_label_split;Marta Assunção;Obras eletricas;true;1;true;1;94
1540;Empresarial Unicenter negócio;won;10000;BRL;2026-04-09 10:54:21;2026-07-31 13:54:22;2026-07-01 18:58:13;2026-06-30 03:00:00;2026-06-30 03:00:00;2026-04;2026-06;;2026-06;Consultoria - Condo;11;Fechamento;88;5;1411;Empresarial Unicenter;org:unicenter;organization_name;;Indicação de Cliente XPE;Criado manualmente;"GABRIEL,LIE - Laudo de Instalações Elétricas,LGR - Laudo de Gerenciamento de Risco";GABRIEL;Sem motivo informado;;label_or_inference;"LIE - Laudo de Instalações Elétricas,LGR - Laudo de Gerenciamento de Risco";LIE - Laudo de Instalações Elétricas;true;true;equal_label_split;Telma Rejane;Laudos e consultoria condominial;false;0;false;0;82
1581;Condomínio Praça das Araucárias;won;8000;BRL;2026-04-17 18:19:58;2026-07-02 20:46:42;2026-07-02 18:44:05;2026-06-30 03:00:00;2026-06-30 03:00:00;2026-04;2026-06;;2026-06;Consultoria - Condo;11;Fechamento;88;5;1450;Condomínio Praça das Araucárias;cnpj:26955778000148;cnpj;26955778000148;Sind. Profissional Base;Criado manualmente;"GABRIEL,LIE - Laudo de Instalações Elétricas,LGR - Laudo de Gerenciamento de Risco";GABRIEL;Sem motivo informado;;label_or_inference;"LIE - Laudo de Instalações Elétricas,LGR - Laudo de Gerenciamento de Risco";LIE - Laudo de Instalações Elétricas;true;true;equal_label_split;Andre Cavalcante;Laudos e consultoria condominial;false;0;false;0;73
1603;Edf PARADOR DE GALICIA;won;24330;BRL;2026-04-24 15:05:10;2026-07-31 13:50:10;2026-05-26 18:04:52;2026-06-24 18:56:27;2026-06-24 18:56:27;2026-04;2026-06;;2026-06;Obras;14;Fechamento;116;6;1132;Edf PARADOR DE GALICIA;org:parador galicia;organization_name;;Pós-Venda base XPE;Criado manualmente;"GABRIEL,JONILDO,OBRA";GABRIEL;Sem motivo informado;;label_or_inference;OBRA;OBRA;true;false;equal_label_split;Giovanne Sind ParadorGalicia;Obras eletricas;true;2;false;0;61
1619;Edifício Ferreira da Costa;won;33470;BRL;2026-04-29 17:49:31;2026-07-31 13:50:59;2026-06-24 18:55:53;2026-06-16 03:00:00;2026-06-16 03:00:00;2026-04;2026-06;;2026-06;Obras;14;Fechamento;116;6;1251;Edifício Ferreira da Costa;org:ferreira costa;organization_name;;Pós-Venda base XPE;Criado manualmente;"GABRIEL,OBRA";GABRIEL;Sem motivo informado;;label_or_inference;OBRA;OBRA;true;false;equal_label_split;Fernanda Ferreira da Costa;Obras eletricas;true;1;false;0;47
1652;Edf. Porto das Rochas;won;10800;BRL;2026-05-07 21:55:09;2026-07-03 01:29:31;2026-06-30 14:20:34;2026-06-18 03:00:00;2026-06-18 03:00:00;2026-05;2026-06;;2026-06;Consultoria - Condo;11;Fechamento;88;5;1513;Edf. Porto das Rochas;cnpj:02564927000180;cnpj;02564927000180;Tráfego Pago;Criado manualmente;"GABRIEL,LIE - Laudo de Instalações Elétricas,LDC - Laudo de disponibilidade de carga,LCC - Laudo Carregador Coletivo";GABRIEL;Sem motivo informado;;label_or_inference;"LIE - Laudo de Instalações Elétricas,LDC - Laudo de disponibilidade de carga,LCC - Laudo Carregador Coletivo";LDC - Laudo de disponibilidade de carga;true;true;equal_label_split;Marcia Roberta;Laudos e consultoria condominial;false;0;false;0;41
1655;Edf. Cine Torre;won;7800;BRL;2026-05-08 17:57:28;2026-06-16 14:02:40;2026-06-12 16:51:00;2026-06-16 14:02:40;2026-06-16 14:02:40;2026-05;2026-06;;2026-06;Consultoria - Condo;11;Fechamento;88;5;1516;Edf. Cine Torre;org:cine torre;organization_name;;Indicação de Cliente XPE;Criado manualmente;"IGOR,LDC - Laudo de disponibilidade de carga";IGOR;Sem motivo informado;;label_or_inference;LDC - Laudo de disponibilidade de carga;LDC - Laudo de disponibilidade de carga;true;false;equal_label_split;Paschoal Santos;Laudos e consultoria condominial;false;0;false;0;39
1696;Edf Mirante;won;6500;BRL;2026-05-20 21:38:33;2026-07-01 18:50:41;2026-06-30 19:37:25;2026-06-30 03:00:00;2026-06-30 03:00:00;2026-05;2026-06;;2026-06;Consultoria - Condo;11;Fechamento;88;5;1552;Edf Mirante;org:mirante;organization_name;;Sind. Profissional Base;Criado manualmente;"IGOR,LDC - Laudo de disponibilidade de carga";IGOR;Sem motivo informado;;label_or_inference;LDC - Laudo de disponibilidade de carga;LDC - Laudo de disponibilidade de carga;true;false;equal_label_split;Ancelmo Jr;Laudos e consultoria condominial;false;0;false;0;40
1718;Rio Araguaia melhoria elétrica;won;950;BRL;2026-05-26 17:10:20;2026-07-31 13:51:19;2026-06-04 17:12:31;2026-06-04 17:12:38;2026-06-04 17:12:38;2026-05;2026-06;;2026-06;Obras;14;Negociações Iniciadas;105;5;1137;Sindico Profi;org:sindico profi;organization_name;;Pós-Venda base XPE;Criado manualmente;"GABRIEL,OBRA";GABRIEL;Sem motivo informado;;label_or_inference;OBRA;OBRA;true;false;equal_label_split;Janderson Silva;Obras eletricas;false;0;false;0;9
1721;Edf  Castelo de Blois;won;16190;BRL;2026-05-26 18:06:00;2026-07-31 13:50:14;;2026-06-24 18:56:11;2026-06-24 18:56:11;2026-05;2026-06;;2026-06;Obras;14;Fechamento;116;6;1132;Edf PARADOR DE GALICIA;org:parador galicia;organization_name;;Pós-Venda base XPE;Criado manualmente;"GABRIEL,JONILDO,OBRA";GABRIEL;Sem motivo informado;;label_or_inference;OBRA;OBRA;true;false;equal_label_split;Giovanne Sind ParadorGalicia;Obras eletricas;true;1;false;0;29
1729;Edf Novo Jardim;won;9200;BRL;2026-05-28 18:24:48;2026-07-31 13:50:24;;2026-06-24 03:00:00;2026-06-24 03:00:00;2026-05;2026-06;;2026-06;Consultoria - Condo;11;Fechamento;88;5;1186;Edf Novo Jardim;cnpj:18561736000102;cnpj;18561736000102;Pós-Venda base XPE;Criado manualmente;"GABRIEL,ICV - Inspeção de carregador veicular,PIE - Projeto infra.  Eletrocalha e Emergência";GABRIEL;Sem motivo informado;;label_or_inference;"ICV - Inspeção de carregador veicular,PIE - Projeto infra.  Eletrocalha e Emergência";PIE - Projeto infra.  Eletrocalha e Emergência;true;true;equal_label_split;Carla sindnovojardim;Laudos e consultoria condominial;true;1;true;1;26
1733;Edf Saint Martin;won;7500;BRL;2026-05-29 19:49:56;2026-06-26 11:48:02;2026-06-10 21:46:22;2026-06-26 11:48:02;2026-06-26 11:48:02;2026-05;2026-06;;2026-06;Consultoria - Condo;11;Fechamento;88;5;1581;Edf Saint Martin;org:saint martin;organization_name;;Indicação de Cliente XPE;Criado manualmente;"IGOR,LDC - Laudo de disponibilidade de carga";IGOR;Sem motivo informado;;label_or_inference;LDC - Laudo de disponibilidade de carga;LDC - Laudo de disponibilidade de carga;true;false;equal_label_split;Marina Síndica;Laudos e consultoria condominial;false;0;false;0;28
1748;Empresarial Antonio de Albuquerque Galvão;won;9400;BRL;2026-06-03 17:15:07;2026-06-26 12:28:08;2026-06-15 14:49:29;2026-06-26 12:28:08;2026-06-26 12:28:08;2026-06;2026-06;;2026-06;Consultoria - Condo;11;Fechamento;88;5;1596;Empresarial Antonio de Albuquerque Galvão;org:antonio albuquerque galvao;organization_name;;;Criado manualmente;"IGOR,LDC - Laudo de disponibilidade de carga,LCC - Laudo Carregador Coletivo";IGOR;Sem motivo informado;;label_or_inference;"LDC - Laudo de disponibilidade de carga,LCC - Laudo Carregador Coletivo";LDC - Laudo de disponibilidade de carga;true;true;equal_label_split;Pablo Hawson;Laudos e consultoria condominial;false;0;false;0;23
1755;Edf Varanda do Parque;won;14000;BRL;2026-06-04 17:46:49;2026-07-01 19:05:29;2026-06-05 02:10:29;2026-06-16 03:00:00;2026-06-16 03:00:00;2026-06;2026-06;;2026-06;Consultoria - Condo;11;Fechamento;88;5;1599;Edf Varanda do Parque;org:varanda parque;organization_name;;Sind. Profissional Base;Criado manualmente;"IGOR,LDC - Laudo de disponibilidade de carga";IGOR;Sem motivo informado;;label_or_inference;LDC - Laudo de disponibilidade de carga;LDC - Laudo de disponibilidade de carga;true;false;equal_label_split;Angelia;Laudos e consultoria condominial;false;0;false;0;11
1759;Cond Chácara Santa Rosa;won;4500;BRL;2026-06-04 23:11:54;2026-06-26 11:47:49;2026-06-25 15:04:31;2026-06-26 11:47:49;2026-06-26 11:47:49;2026-06;2026-06;;2026-06;Consultoria - Condo;11;Fechamento;88;5;1264;Cond Chácara Santa Rosa;org:chacara santa rosa;organization_name;;Sucesso do Cliente;Criado manualmente;"IGOR,ICV - Inspeção de carregador veicular";IGOR;Sem motivo informado;;label_or_inference;ICV - Inspeção de carregador veicular;ICV - Inspeção de carregador veicular;true;false;equal_label_split;Ivan Rocha;Laudos e consultoria condominial;false;0;false;0;22
1762;Edf Itaqua Vilage;won;20000;BRL;2026-06-05 18:09:57;2026-07-31 13:50:45;2026-06-19 12:14:29;2026-06-18 03:00:00;2026-06-18 03:00:00;2026-06;2026-06;;2026-06;Consultoria - Condo;11;Fechamento;88;5;1150;Edf Itaqua Vilage;org:itaqua vilage;organization_name;;Pós-Venda base XPE;Criado manualmente;"GABRIEL,LIE - Laudo de Instalações Elétricas";GABRIEL;Sem motivo informado;;label_or_inference;LIE - Laudo de Instalações Elétricas;LIE - Laudo de Instalações Elétricas;true;false;equal_label_split;Ciro Guimarães;Laudos e consultoria condominial;true;1;false;0;12
1763;Edf Novo Jardim;won;60000;BRL;2026-06-05 20:28:20;2026-07-31 13:50:30;;2026-06-24 03:00:00;2026-06-24 03:00:00;2026-06;2026-06;;2026-06;Obras;14;Fechamento;116;6;1186;Edf Novo Jardim;cnpj:18561736000102;cnpj;18561736000102;Pós-Venda base XPE;Criado manualmente;"GABRIEL,JONILDO,OBRA";GABRIEL;Sem motivo informado;;label_or_inference;OBRA;OBRA;true;false;equal_label_split;Carla sindnovojardim;Obras eletricas;true;2;true;2;18
1774;Condomínio Carmen Costa;won;9200;BRL;2026-06-11 02:39:32;2026-07-31 13:50:36;2026-06-11 18:46:54;2026-06-18 03:18:43;2026-06-18 03:18:43;2026-06;2026-06;;2026-06;Consultoria - Condo;11;Fechamento;88;5;1398;Condomínio Carmen Costa;org:carmen costa;organization_name;;Pós-Venda base XPE;Criado manualmente;"GABRIEL,ICV - Inspeção de carregador veicular";GABRIEL;Sem motivo informado;;label_or_inference;ICV - Inspeção de carregador veicular;ICV - Inspeção de carregador veicular;true;false;equal_label_split;Jairo Acioli;Laudos e consultoria condominial;true;1;false;0;7
1816;Edifício Ferreira da Costa;won;6000;BRL;2026-06-24 18:55:07;2026-07-31 13:50:06;;2026-06-30 03:00:00;2026-06-30 03:00:00;2026-06;2026-06;;2026-06;Consultoria - Condo;11;Fechamento;88;5;1251;Edifício Ferreira da Costa;org:ferreira costa;organization_name;;Pós-Venda base XPE;Criado manualmente;"GABRIEL,PROJETOS";GABRIEL;Sem motivo informado;;label_or_inference;PROJETOS;PROJETOS;true;false;equal_label_split;Fernanda Ferreira da Costa;Laudos e consultoria condominial;true;2;false;0;5
1817;Ficus;won;6000;BRL;2026-06-24 19:11:10;2026-07-31 13:51:06;;2026-06-16 03:00:00;2026-06-16 03:00:00;2026-06;2026-06;;2026-06;Consultoria - Condo;11;Fechamento;88;5;1089;Edf FICUS;cnpj:41089830000114;cnpj;41089830000114;Pós-Venda base XPE;Criado manualmente;"GABRIEL,PROJETOS";GABRIEL;Sem motivo informado;;label_or_inference;PROJETOS;PROJETOS;true;false;equal_label_split;Diego Lima;Laudos e consultoria condominial;true;1;true;1;-9
1819;Edf. Cap d'Antibes;won;4500;BRL;2026-06-26 11:46:35;2026-07-03 15:09:03;;2026-06-26 11:46:59;2026-06-26 11:46:59;2026-06;2026-06;;2026-06;Obras;14;Solicitação Orçamento;101;1;1199;Edf. Cap d'Antibes;cnpj:05213011000173;cnpj;05213011000173;Pós-Venda base XPE;Criado manualmente;"IGOR,OBRA";IGOR;Sem motivo informado;;label_or_inference;OBRA;OBRA;true;false;equal_label_split;Vicente Sind;Obras eletricas;true;1;true;1;0
1832;Edf Varanda do Parque;won;7920;BRL;2026-07-01 19:00:56;2026-07-01 19:05:46;2026-07-01 19:01:02;2026-06-20 03:00:00;2026-06-20 03:00:00;2026-07;2026-06;;2026-06;Consultoria - Condo;11;Fechamento;88;5;1599;Edf Varanda do Parque;org:varanda parque;organization_name;;Sind. Profissional Base;Criado manualmente;"IGOR,ICV - Inspeção de carregador veicular";IGOR;Sem motivo informado;;label_or_inference;ICV - Inspeção de carregador veicular;ICV - Inspeção de carregador veicular;true;false;equal_label_split;Angelia;Laudos e consultoria condominial;true;1;false;0;-12
1266;Edf Maria Tereza negócio;won;8000;BRL;2025-11-22 13:21:23;2026-07-31 16:40:37;2026-07-29 17:47:39;2026-07-31 16:40:37;2026-07-31 16:40:37;2025-11;2026-07;;2026-07;Consultoria - Condo;11;Fechamento;88;5;1256;Edf Maria Tereza;org:maria tereza;organization_name;;Tráfego Pago;Criado manualmente;"IGOR,LIE - Laudo de Instalações Elétricas,LCC - Laudo Carregador Coletivo";IGOR;Sem motivo informado;;label_or_inference;"LIE - Laudo de Instalações Elétricas,LCC - Laudo Carregador Coletivo";LIE - Laudo de Instalações Elétricas;true;true;equal_label_split;Afonso Bragança;Laudos e consultoria condominial;false;0;false;0;251
1411;Edf Lajedo negócio;won;20440;BRL;2026-02-06 13:20:58;2026-07-31 13:49:13;2026-05-26 17:08:11;2026-07-27 03:00:00;2026-07-27 03:00:00;2026-02;2026-07;;2026-07;Obras;14;Fechamento;116;6;1279;Edf Lajedo;org:lajedo;organization_name;;Pós-Venda base XPE;Criado manualmente;"GABRIEL,OBRA";GABRIEL;Sem motivo informado;;label_or_inference;OBRA;OBRA;true;false;equal_label_split;Carlos edf. Lajedo;Obras eletricas;true;1;false;0;171
1437;Edf Joana D'Arc negócio;won;6000;BRL;2026-02-25 17:56:31;2026-07-21 21:57:03;2026-07-14 14:59:53;2026-07-21 21:57:03;2026-07-21 21:57:03;2026-02;2026-07;;2026-07;Consultoria - Condo;11;Fechamento;88;5;1343;Edf Joana D'Arc;cnpj:12860425000150;cnpj;12860425000150;Indicação Avulsa;Criado manualmente;"GABRIEL,LDC - Laudo de disponibilidade de carga";GABRIEL;Sem motivo informado;;label_or_inference;LDC - Laudo de disponibilidade de carga;LDC - Laudo de disponibilidade de carga;true;false;equal_label_split;Valdenio;Laudos e consultoria condominial;false;0;false;0;146
1633;Edf. Queen Mary;won;6000;BRL;2026-04-30 20:48:24;2026-07-31 13:45:00;2026-07-22 00:46:01;2026-07-21 03:00:00;2026-07-21 03:00:00;2026-04;2026-07;;2026-07;Consultoria - Condo;11;Fechamento;88;5;1494;Edf. Queen Mary;cnpj:24162521000103;cnpj;24162521000103;Sucesso do Cliente;Criado manualmente;"GABRIEL,LIE - Laudo de Instalações Elétricas";GABRIEL;Sem motivo informado;;label_or_inference;LIE - Laudo de Instalações Elétricas;LIE - Laudo de Instalações Elétricas;true;false;equal_label_split;Rafaella;Laudos e consultoria condominial;false;0;false;0;81
1667;Condominio do Edificio Maria Ines;won;7000;BRL;2026-05-13 21:46:27;2026-07-31 13:44:13;2026-07-02 18:43:56;2026-07-22 03:00:00;2026-07-22 03:00:00;2026-05;2026-07;;2026-07;Consultoria - Condo;11;Fechamento;88;5;1116;Condominio do Edificio Maria Ines;cnpj:08374012000198;cnpj;08374012000198;Pós-Venda base XPE;Criado manualmente;"GABRIEL,LDC - Laudo de disponibilidade de carga";GABRIEL;Sem motivo informado;;label_or_inference;LDC - Laudo de disponibilidade de carga;LDC - Laudo de disponibilidade de carga;true;false;equal_label_split;Telma Rejane;Laudos e consultoria condominial;true;1;true;1;69
1668;Edf. Varandas do Bosque;won;8400;BRL;2026-05-14 19:44:57;2026-07-21 17:09:39;2026-07-13 12:07:18;2026-07-21 17:09:39;2026-07-21 17:09:39;2026-05;2026-07;;2026-07;Consultoria - Condo;11;Fechamento;88;5;1527;Edf. Varandas do Bosque;org:varandas bosque;organization_name;;Indicação Avulsa;Criado manualmente;"IGOR,LDC - Laudo de disponibilidade de carga";IGOR;Sem motivo informado;;label_or_inference;LDC - Laudo de disponibilidade de carga;LDC - Laudo de disponibilidade de carga;true;false;equal_label_split;Edson Gerente;Laudos e consultoria condominial;false;0;false;0;68
1671;Edf Rio Laje;won;7000;BRL;2026-05-15 17:46:23;2026-07-21 17:09:42;2026-07-06 13:30:33;2026-07-21 17:09:42;2026-07-21 17:09:42;2026-05;2026-07;;2026-07;Consultoria - Condo;11;Fechamento;88;5;1530;Edf Rio Laje;org:rio laje;organization_name;;Sucesso do Cliente;Criado manualmente;"IGOR,LDC - Laudo de disponibilidade de carga";IGOR;Sem motivo informado;;label_or_inference;LDC - Laudo de disponibilidade de carga;LDC - Laudo de disponibilidade de carga;true;false;equal_label_split;Rafael Paz;Laudos e consultoria condominial;false;0;false;0;67
1693;Edf. Multmed Ilha Center;won;8000;BRL;2026-05-20 19:54:17;2026-07-31 13:48:58;2026-07-24 00:53:08;2026-07-23 03:00:00;2026-07-23 03:00:00;2026-05;2026-07;;2026-07;Consultoria - Condo;11;Fechamento;88;5;1549;Edf. Multmed Ilha Center;cnpj:01621444000107;cnpj;01621444000107;Sind. Profissional Base;Criado manualmente;"GABRIEL,LIE - Laudo de Instalações Elétricas";GABRIEL;Sem motivo informado;;label_or_inference;LIE - Laudo de Instalações Elétricas;LIE - Laudo de Instalações Elétricas;true;false;equal_label_split;Travassos;Laudos e consultoria condominial;false;0;false;0;63
1720;Edifício Fernando Perez;won;19610;BRL;2026-05-26 18:02:29;2026-07-31 13:49:18;2026-07-12 16:56:18;2026-07-22 03:00:00;2026-07-22 03:00:00;2026-05;2026-07;;2026-07;Obras;14;Fechamento;116;6;1358;Edifício Fernando Perez;cnpj:69904753000128;cnpj;69904753000128;Pós-Venda base XPE;Criado manualmente;"GABRIEL,JONILDO,OBRA";GABRIEL;Sem motivo informado;;label_or_inference;OBRA;OBRA;true;false;equal_label_split;Carlos Trindade;Obras eletricas;true;2;true;2;56
1723;Edf. Costa Del Sol;won;5000;BRL;2026-05-27 14:48:17;2026-07-31 13:49:42;2026-07-15 15:36:57;2026-07-15 23:06:10;2026-07-15 23:06:10;2026-05;2026-07;;2026-07;Consultoria - Condo;11;Fechamento;88;5;1572;Edf. Costa Del Sol;cnpj:05082394000198;cnpj;05082394000198;Sind. Profissional Base;Criado manualmente;"GABRIEL,PROJETOS";GABRIEL;Sem motivo informado;;label_or_inference;PROJETOS;PROJETOS;true;false;equal_label_split;Diego Lima;Laudos e consultoria condominial;false;0;false;0;49
1727;Condomínio Residencial Corais;won;18800;BRL;2026-05-27 21:42:06;2026-07-31 13:47:36;2026-07-14 22:35:53;2026-07-14 03:00:00;2026-07-14 03:00:00;2026-05;2026-07;;2026-07;Consultoria - Condo;11;Fechamento;88;5;1576;Condomínio Residencial Corais;cnpj:40816381000104;cnpj;40816381000104;Tráfego Pago;API;"GABRIEL,LIE - Laudo de Instalações Elétricas";GABRIEL;Sem motivo informado;;label_or_inference;LIE - Laudo de Instalações Elétricas;LIE - Laudo de Instalações Elétricas;true;false;equal_label_split;Dagmar;Laudos e consultoria condominial;false;0;false;0;47
1730;Edf. Saint Guilherme;won;7000;BRL;2026-05-28 18:27:56;2026-07-31 13:48:53;2026-07-24 00:54:17;2026-07-23 03:00:00;2026-07-23 03:00:00;2026-05;2026-07;;2026-07;Consultoria - Condo;11;Fechamento;88;5;1578;Edf. Saint Guilherme;cnpj:22131974000147;cnpj;22131974000147;Sind. Profissional Base;Criado manualmente;"GABRIEL,LDC - Laudo de disponibilidade de carga";GABRIEL;Sem motivo informado;;label_or_inference;LDC - Laudo de disponibilidade de carga;LDC - Laudo de disponibilidade de carga;true;false;equal_label_split;Travassos;Laudos e consultoria condominial;false;0;false;0;55
1752;Solar do Camaragybe;won;22850;BRL;2026-06-04 14:38:52;2026-07-31 13:49:06;2026-07-07 20:41:23;2026-07-15 03:00:00;2026-07-15 03:00:00;2026-06;2026-07;;2026-07;Obras;14;Fechamento;116;6;988;Não informado;org:nao informado;organization_name;;Pós-Venda base XPE;Criado manualmente;"GABRIEL,OBRA";GABRIEL;Sem motivo informado;;label_or_inference;OBRA;OBRA;true;false;equal_label_split;Luciano Ramos;Obras eletricas;true;1;false;0;41
1768;Pátio Torre Botanik;won;17000;BRL;2026-06-09 18:58:28;2026-07-23 20:41:06;2026-07-07 15:41:52;2026-07-23 20:41:06;2026-07-23 20:41:06;2026-06;2026-07;;2026-07;Consultoria - Condo;11;Fechamento;88;5;1609;Pátio Torre Botanik;org:patio torre botanik;organization_name;;Indicação de Cliente XPE;Criado manualmente;"IGOR,LIE - Laudo de Instalações Elétricas,LCC - Laudo Carregador Coletivo";IGOR;Sem motivo informado;;label_or_inference;"LIE - Laudo de Instalações Elétricas,LCC - Laudo Carregador Coletivo";LIE - Laudo de Instalações Elétricas;true;true;equal_label_split;Felipe SOARES;Laudos e consultoria condominial;false;0;false;0;44
1770;Cond. First Crystal Home;won;6000;BRL;2026-06-10 16:15:22;2026-07-31 13:44:36;2026-07-22 19:54:55;2026-07-22 03:00:00;2026-07-22 03:00:00;2026-06;2026-07;;2026-07;Consultoria - Condo;11;Fechamento;88;5;1611;Cond. First Crystal Home;cnpj:00300598000134;cnpj;00300598000134;Sucesso do Cliente;Criado manualmente;"GABRIEL,LIE - Laudo de Instalações Elétricas";GABRIEL;Sem motivo informado;;label_or_inference;LIE - Laudo de Instalações Elétricas;LIE - Laudo de Instalações Elétricas;true;false;equal_label_split;Lamonita Nascimento;Laudos e consultoria condominial;false;0;false;0;41
1781;Condominio do Edificio Maria Ines;won;2850;BRL;2026-06-12 20:16:23;2026-07-31 13:49:24;2026-07-03 18:06:08;2026-07-31 13:41:33;2026-07-31 13:41:33;2026-06;2026-07;;2026-07;Obras;14;Fechamento;116;6;1116;Condominio do Edificio Maria Ines;cnpj:08374012000198;cnpj;08374012000198;Pós-Venda base XPE;Criado manualmente;"GABRIEL,OBRA";GABRIEL;Sem motivo informado;;label_or_inference;OBRA;OBRA;true;false;equal_label_split;Telma Rejane;Obras eletricas;true;2;true;2;49
1783;Edf Acauã;won;6000;BRL;2026-06-12 22:00:47;2026-07-21 21:57:21;2026-07-10 17:58:01;2026-07-21 21:57:21;2026-07-21 21:57:21;2026-06;2026-07;;2026-07;Consultoria - Condo;11;Fechamento;88;5;1621;Edf Acauã;org:acaua;organization_name;;Indicação de Cliente XPE;Criado manualmente;"GABRIEL,LIE - Laudo de Instalações Elétricas";GABRIEL;Sem motivo informado;;label_or_inference;LIE - Laudo de Instalações Elétricas;LIE - Laudo de Instalações Elétricas;true;false;equal_label_split;Zito Moura;Laudos e consultoria condominial;false;0;false;0;39
1829;Edf Morada Ilha Verde;won;32000;BRL;2026-06-30 19:39:36;2026-07-15 21:48:00;2026-07-02 21:06:00;2026-07-15 21:47:59;2026-07-15 21:47:59;2026-06;2026-07;;2026-07;Obras;14;Fechamento;116;6;1065;Edf Morada Ilha Verde;cnpj:24565913000113;cnpj;24565913000113;Pós-Venda base XPE;Criado manualmente;"IGOR,OBRA";IGOR;Sem motivo informado;;label_or_inference;OBRA;OBRA;true;false;equal_label_split;Romildo;Obras eletricas;true;2;true;2;15
1854;Edf Solar do Camaragybe;won;6000;BRL;2026-07-10 17:40:28;2026-07-31 13:46:07;;2026-07-15 03:00:00;2026-07-15 03:00:00;2026-07;2026-07;;2026-07;Consultoria - Condo;11;Fechamento;88;5;988;Não informado;org:nao informado;organization_name;;Pós-Venda base XPE;Criado manualmente;"GABRIEL,PROJETOS";GABRIEL;Sem motivo informado;;label_or_inference;PROJETOS;PROJETOS;true;false;equal_label_split;Luciano Ramos;Laudos e consultoria condominial;true;2;false;0;4
1856;Edf Morada Apipucos;won;11300;BRL;2026-07-10 19:05:19;2026-07-15 21:48:32;2026-07-10 19:05:25;2026-07-15 21:48:32;2026-07-15 21:48:32;2026-07;2026-07;;2026-07;Obras;14;Fechamento;116;6;988;Não informado;org:nao informado;organization_name;;Pós-Venda base XPE;Criado manualmente;"IGOR,OBRA";IGOR;Sem motivo informado;;label_or_inference;OBRA;OBRA;true;false;equal_label_split;Luciano Ramos;Obras eletricas;true;3;false;0;5
1857;Empresarial Praia de Guarapari;won;23799.98;BRL;2026-07-10 19:09:09;2026-07-17 19:59:47;2026-07-10 19:09:17;2026-07-17 19:59:47;2026-07-17 19:59:47;2026-07;2026-07;;2026-07;Obras;14;Fechamento;116;6;1680;Empresarial Praia de Guarapari;org:praia guarapari;organization_name;;Pós-Venda base XPE;Criado manualmente;"IGOR,OBRA";IGOR;Sem motivo informado;;label_or_inference;OBRA;OBRA;true;false;equal_label_split;Janaina Souza;Obras eletricas;true;1;false;0;7
1861;Eletroposto JD;won;15000;BRL;2026-07-13 20:39:55;2026-07-15 21:48:15;2026-07-14 15:16:32;2026-07-15 21:48:15;2026-07-15 21:48:15;2026-07;2026-07;;2026-07;Obras;14;Negociações Iniciadas;105;5;1682;Eletroposto JD;org:eletroposto jd;organization_name;;Indicação de Cliente XPE;Criado manualmente;"IGOR,OBRA";IGOR;Sem motivo informado;;label_or_inference;OBRA;OBRA;true;false;equal_label_split;Daniel;Obras eletricas;false;0;false;0;2
1865;Edf Maria NIna Maria Nara;won;17000;BRL;2026-07-14 21:25:26;2026-07-31 19:59:28;2026-07-22 19:53:47;2026-07-31 19:59:28;2026-07-31 19:59:28;2026-07;2026-07;;2026-07;Consultoria - Condo;11;Fechamento;88;5;1685;Edf Maria NIna Maria Nara;org:maria nina maria nara;organization_name;;Sucesso do Cliente;Criado manualmente;"IGOR,LDC - Laudo de disponibilidade de carga";IGOR;Sem motivo informado;;label_or_inference;LDC - Laudo de disponibilidade de carga;LDC - Laudo de disponibilidade de carga;true;false;equal_label_split;Nivanor Gomes;Laudos e consultoria condominial;false;0;false;0;17
1870;Edf Ilha do Retiro;won;8000;BRL;2026-07-15 21:47:30;2026-07-20 13:19:13;2026-07-15 21:47:43;2026-07-20 13:19:13;2026-07-20 13:19:13;2026-07;2026-07;;2026-07;Consultoria - Condo;11;Fechamento;88;5;1016;Edf Ilha do Retiro;cnpj:03786545000163;cnpj;03786545000163;;Criado manualmente;"IGOR,LIE - Laudo de Instalações Elétricas";IGOR;Sem motivo informado;;label_or_inference;LIE - Laudo de Instalações Elétricas;LIE - Laudo de Instalações Elétricas;true;false;equal_label_split;Silmar;Laudos e consultoria condominial;true;1;true;1;5
1875;Empresarial Praia de Guarapari;won;6000;BRL;2026-07-17 20:00:50;2026-07-17 20:01:01;2026-07-17 20:00:59;2026-07-17 20:01:01;2026-07-17 20:01:01;2026-07;2026-07;;2026-07;Consultoria - Condo;11;Fechamento;88;5;1680;Empresarial Praia de Guarapari;org:praia guarapari;organization_name;;;Criado manualmente;"IGOR,PROJETOS";IGOR;Sem motivo informado;;label_or_inference;PROJETOS;PROJETOS;true;false;equal_label_split;;Laudos e consultoria condominial;true;2;false;0;0
1879;Edf MIllennium;won;2500;BRL;2026-07-21 17:11:18;2026-07-21 17:11:39;2026-07-21 17:11:24;2026-07-21 17:11:26;2026-07-21 17:11:26;2026-07;2026-07;;2026-07;Consultoria - Condo;11;Fechamento;88;5;1099;Edf MIllennium;cnpj:04107259000197;cnpj;04107259000197;Pós-Venda base XPE;Criado manualmente;"IGOR,ICV - Inspeção de carregador veicular";IGOR;Sem motivo informado;;label_or_inference;ICV - Inspeção de carregador veicular;ICV - Inspeção de carregador veicular;true;false;equal_label_split;Rosamaria;Laudos e consultoria condominial;true;2;true;2;0
1880;Edifício Fernando Perez;won;5386;BRL;2026-07-22 00:45:49;2026-07-31 13:43:56;;2026-07-10 03:00:00;2026-07-10 03:00:00;2026-07;2026-07;;2026-07;Consultoria - Condo;11;Fechamento;88;5;1358;Edifício Fernando Perez;cnpj:69904753000128;cnpj;69904753000128;Pós-Venda base XPE;Criado manualmente;"GABRIEL,PROJETOS";GABRIEL;Sem motivo informado;;label_or_inference;PROJETOS;PROJETOS;true;false;equal_label_split;Carlos Trindade;Laudos e consultoria condominial;true;1;true;1;-12
1886;Empresarial Praia de Guarapari;won;3750;BRL;2026-07-23 20:41:55;2026-07-23 20:42:55;2026-07-23 20:42:24;2026-07-23 20:42:55;2026-07-23 20:42:55;2026-07;2026-07;;2026-07;Obras;14;Fechamento;116;6;1680;Empresarial Praia de Guarapari;org:praia guarapari;organization_name;;Pós-Venda base XPE;Criado manualmente;"IGOR,OBRA";IGOR;Sem motivo informado;;label_or_inference;OBRA;OBRA;true;false;equal_label_split;Janaina Souza;Obras eletricas;true;3;false;0;0
1894;Edf Lajedo;won;6000;BRL;2026-07-28 00:47:42;2026-07-31 13:45:32;;2026-07-27 03:00:00;2026-07-27 03:00:00;2026-07;2026-07;;2026-07;Consultoria - Condo;11;Fechamento;88;5;1279;Edf Lajedo;org:lajedo;organization_name;;Pós-Venda base XPE;Criado manualmente;"GABRIEL,PROJETOS";GABRIEL;Sem motivo informado;;label_or_inference;PROJETOS;PROJETOS;true;false;equal_label_split;Carlos edf. Lajedo;Laudos e consultoria condominial;true;2;false;0;-1
